match_id,idx,date,group,CatBoost,LogReg,TabICL,TabPFN,XGBoost
3555450742799150278,0,2023-01-02,2023,1,1,1,1,1
18061188956799217594,1,2023-01-02,2023,2,2,2,2,2
7605462729251534088,2,2023-01-03,2023,3,3,3,3,3
10213321612654553456,3,2023-01-03,2023,4,4,4,4,4
1044097810808668682,4,2023-01-06,2023,4,4,4,4,4
5036041380334640729,5,2023-01-06,2023,5,5,5,5,5
8326774806028231530,6,2023-01-06,2023,5,5,5,5,5
2518468806741953856,7,2023-01-07,2023,6,6,6,6,6
4127859714111395685,8,2023-01-07,2023,6,6,7,7,6
7475027005018988271,9,2023-01-07,2023,7,7,8,8,7
10893970057506131243,10,2023-01-08,2023,7,7,8,8,7
4234888606633432731,11,2023-01-09,2023,8,8,9,9,8
4339022054564187417,12,2023-01-09,2023,9,9,10,10,9
5096498804559787006,13,2023-01-09,2023,10,10,11,11,10
17775921390332683247,14,2023-01-09,2023,11,11,12,12,11
5927774767294908853,15,2023-01-10,2023,11,11,12,12,11
9588340816332246225,16,2023-01-10,2023,11,11,12,12,11
14651113036692494210,17,2023-01-10,2023,12,12,13,13,12
1799386252201523494,18,2023-01-12,2023,12,12,13,13,12
5251652409786387738,19,2023-01-12,2023,12,12,13,13,12
10664592560423911768,20,2023-01-12,2023,13,13,14,14,13
18154474965723920982,21,2023-01-12,2023,14,14,15,15,14
9541071415946333560,22,2023-01-13,2023,14,14,15,15,14
11199211142145892289,23,2023-01-13,2023,14,14,15,15,14
18266656465823423347,24,2023-01-13,2023,14,14,15,15,14
2794988194800153339,25,2023-01-16,2023,15,15,16,16,14
14485332784583663591,26,2023-01-16,2023,16,16,17,17,15
18262280671647692760,27,2023-01-16,2023,17,17,18,18,16
9467888039221179200,28,2023-01-19,2023,18,18,19,19,17
5374968314874391987,29,2023-01-25,2023,18,18,19,19,17
3837337129872089988,30,2023-01-28,2023,18,18,19,20,18
17913848388777839529,31,2023-02-22,2023,18,18,19,20,18
15436131260578612587,32,2023-02-26,2023,18,18,19,20,18
16601989619965237024,33,2023-03-03,2023,18,18,19,20,18
4435868621182907556,34,2023-03-04,2023,19,19,20,21,19
2411625683533857333,35,2023-03-05,2023,20,20,21,22,20
663090032544519609,36,2023-03-10,2023,20,20,21,22,20
15882992414419285573,37,2023-03-11,2023,20,20,21,22,20
13545742981003820771,38,2023-03-12,2023,20,20,21,22,20
2779307634160758723,39,2023-03-14,2023,20,20,21,22,20
1852211246619316033,40,2023-03-15,2023,20,20,21,22,20
11032595273131259805,41,2023-03-19,2023,21,21,22,23,21
11378931174950142428,42,2023-03-20,2023,21,21,22,23,21
6844715313164444751,43,2023-03-21,2023,22,22,23,24,22
11660456374372183270,44,2023-03-21,2023,22,22,23,24,22
4320377135680451034,45,2023-03-22,2023,23,23,24,25,23
5499989708330492353,46,2023-03-22,2023,23,23,24,25,23
5812624194102521240,47,2023-03-22,2023,24,24,25,26,24
9870419719043583477,48,2023-03-22,2023,24,24,25,26,24
12808917860250688437,49,2023-03-22,2023,24,24,26,27,24
17889858093519837447,50,2023-03-22,2023,25,25,27,28,25
609652658718638449,51,2023-03-23,2023,26,26,28,29,26
2620685477607169234,52,2023-03-23,2023,27,27,29,30,27
3230371142669696597,53,2023-03-23,2023,27,27,29,30,27
3477455844410287288,54,2023-03-23,2023,28,28,30,31,28
3679748506418000836,55,2023-03-23,2023,28,28,30,31,28
4056927645335099346,56,2023-03-23,2023,28,28,30,31,28
5263511921395528996,57,2023-03-23,2023,29,29,31,32,29
5415577265855150010,58,2023-03-23,2023,30,30,32,33,30
6045565436965400122,59,2023-03-23,2023,31,31,33,34,31
6166799771891484988,60,2023-03-23,2023,32,32,34,35,32
6181907521400366245,61,2023-03-23,2023,33,32,35,36,33
7702024506209174012,62,2023-03-23,2023,34,33,36,37,34
8335654419900746683,63,2023-03-23,2023,34,33,36,37,34
8537700388915608542,64,2023-03-23,2023,34,33,36,37,34
8541679936098173216,65,2023-03-23,2023,34,33,36,37,34
8725100889132974703,66,2023-03-23,2023,34,33,36,37,34
9338804380590910205,67,2023-03-23,2023,35,34,37,38,35
11633818991528556699,68,2023-03-23,2023,36,35,38,39,36
11897203195353296282,69,2023-03-23,2023,36,35,38,39,36
12694701697367044604,70,2023-03-23,2023,37,36,39,40,37
14605194270186353288,71,2023-03-23,2023,38,37,40,41,38
15421163983460639104,72,2023-03-23,2023,39,38,41,42,39
15702190475622373703,73,2023-03-23,2023,39,38,41,42,39
16237837443468451323,74,2023-03-23,2023,40,39,42,43,40
16660418382560401113,75,2023-03-23,2023,41,40,43,44,41
17305962475325493066,76,2023-03-23,2023,42,41,44,45,42
17727682721850006213,77,2023-03-23,2023,43,42,45,46,43
292956281828913851,78,2023-03-24,2023,44,43,46,47,44
1235031290681110885,79,2023-03-24,2023,45,44,47,48,45
1678279926970470280,80,2023-03-24,2023,45,44,47,48,46
3962351501752845433,81,2023-03-24,2023,45,45,48,49,46
4310710260880644279,82,2023-03-24,2023,46,46,49,50,47
4500017210384508023,83,2023-03-24,2023,46,46,49,50,47
4767571083838576241,84,2023-03-24,2023,46,46,49,50,47
4910102506972744254,85,2023-03-24,2023,47,47,50,51,48
5021605653769752996,86,2023-03-24,2023,47,47,50,51,48
5450744707820239285,87,2023-03-24,2023,47,47,50,51,48
7079846735247729002,88,2023-03-24,2023,48,48,51,52,49
7424448867458636770,89,2023-03-24,2023,49,49,52,53,50
7657273483142044912,90,2023-03-24,2023,50,50,53,54,51
8924262942529156834,91,2023-03-24,2023,51,51,54,55,52
9559527663471990487,92,2023-03-24,2023,52,52,55,56,53
10034555375506376266,93,2023-03-24,2023,53,53,56,57,54
10541395960704684656,94,2023-03-24,2023,54,54,57,58,55
10631148567183529709,95,2023-03-24,2023,55,55,58,59,56
10749431158622815919,96,2023-03-24,2023,55,55,58,59,56
11243913690811871530,97,2023-03-24,2023,56,56,59,60,57
11533206090188329585,98,2023-03-24,2023,56,56,59,60,57
11903050379344805762,99,2023-03-24,2023,57,57,60,61,58
12253086577734127278,100,2023-03-24,2023,57,57,60,61,58
12560819804208613447,101,2023-03-24,2023,57,57,60,61,58
12806080447642908729,102,2023-03-24,2023,58,58,61,62,59
13098679928050640082,103,2023-03-24,2023,59,59,62,63,60
13343587602004679941,104,2023-03-24,2023,60,60,63,64,61
14655757123256042732,105,2023-03-24,2023,61,61,64,65,62
15157030616707084215,106,2023-03-24,2023,62,62,65,66,63
15789513974632482730,107,2023-03-24,2023,63,63,66,67,64
16030750468277407190,108,2023-03-24,2023,64,64,67,68,65
16233586764617282716,109,2023-03-24,2023,65,65,68,69,66
16375013648160855622,110,2023-03-24,2023,65,65,68,69,66
18219550344155542108,111,2023-03-24,2023,66,66,69,70,66
165440996924811572,112,2023-03-25,2023,66,66,69,70,66
1608751333809025645,113,2023-03-25,2023,67,67,70,71,67
1869347869069316897,114,2023-03-25,2023,68,68,71,72,68
3782708472260021035,115,2023-03-25,2023,68,68,71,72,68
5405226570069814808,116,2023-03-25,2023,69,69,72,73,69
7396006311762735651,117,2023-03-25,2023,69,69,72,73,69
7551641040685180862,118,2023-03-25,2023,70,70,73,74,70
8082162005462586901,119,2023-03-25,2023,71,71,74,75,71
8326524636701413826,120,2023-03-25,2023,72,72,75,76,72
8938650323283348536,121,2023-03-25,2023,73,73,76,77,73
10811269517046450478,122,2023-03-25,2023,74,74,77,78,74
11497971296183554615,123,2023-03-25,2023,75,75,78,79,75
11744810766646900440,124,2023-03-25,2023,75,75,78,79,75
11890828989667307558,125,2023-03-25,2023,76,76,79,80,76
12339216854519699648,126,2023-03-25,2023,77,77,80,81,77
12419448540328653211,127,2023-03-25,2023,77,77,80,81,77
13287779516862556448,128,2023-03-25,2023,77,77,80,81,77
13334279164817579701,129,2023-03-25,2023,77,77,80,81,77
13694021123653599538,130,2023-03-25,2023,78,77,80,82,78
14973013025663248826,131,2023-03-25,2023,79,78,81,83,79
15104645717309227215,132,2023-03-25,2023,80,79,82,84,80
16860928015750852624,133,2023-03-25,2023,80,79,82,84,80
18062662441729844472,134,2023-03-25,2023,80,79,82,84,80
193982402917322390,135,2023-03-26,2023,81,80,83,85,81
314964763341215739,136,2023-03-26,2023,81,80,83,85,81
452708257969749929,137,2023-03-26,2023,81,80,83,85,81
3193229996227676612,138,2023-03-26,2023,82,81,84,86,82
3359829705248766263,139,2023-03-26,2023,83,82,85,87,83
3849300298921804939,140,2023-03-26,2023,84,83,86,88,84
4268262796616791473,141,2023-03-26,2023,85,84,87,89,85
10252579879761254681,142,2023-03-26,2023,85,84,87,89,85
10821132838336261959,143,2023-03-26,2023,85,84,87,89,85
11855223374552338151,144,2023-03-26,2023,86,85,88,90,86
11885539833241104525,145,2023-03-26,2023,87,86,89,91,87
12652716676941433072,146,2023-03-26,2023,88,87,90,92,88
13081154936973567465,147,2023-03-26,2023,89,88,91,93,89
14495180734104030541,148,2023-03-26,2023,90,89,92,94,90
14543988466653814001,149,2023-03-26,2023,91,90,93,95,91
16580857286033389232,150,2023-03-26,2023,91,90,93,95,91
16796572468293207901,151,2023-03-26,2023,92,91,94,96,92
17018719467905852555,152,2023-03-26,2023,93,92,95,97,93
575500247787739230,153,2023-03-27,2023,94,93,96,98,94
2321319185202868112,154,2023-03-27,2023,95,94,97,99,95
2339755980847218349,155,2023-03-27,2023,96,95,98,100,96
2847273564677871686,156,2023-03-27,2023,97,96,99,101,97
2877599102756145171,157,2023-03-27,2023,98,97,100,102,98
2918896212118972460,158,2023-03-27,2023,99,98,101,103,99
3372160696400517472,159,2023-03-27,2023,100,99,102,104,100
3555626392067386773,160,2023-03-27,2023,101,100,103,105,101
4389326660770692847,161,2023-03-27,2023,101,100,103,105,101
5450416079724459141,162,2023-03-27,2023,101,100,103,105,101
5502885957452013243,163,2023-03-27,2023,101,100,103,105,101
5685471022266393128,164,2023-03-27,2023,102,101,104,106,102
6477675347871965066,165,2023-03-27,2023,103,101,104,106,103
6679146925483830901,166,2023-03-27,2023,104,102,105,107,103
7295908274674107612,167,2023-03-27,2023,105,103,106,108,104
7681037438923195125,168,2023-03-27,2023,106,104,107,109,105
8213857396792304908,169,2023-03-27,2023,107,105,108,110,106
9790708905181927047,170,2023-03-27,2023,107,106,108,110,107
9953168733671653740,171,2023-03-27,2023,108,107,109,111,108
11777673092915434548,172,2023-03-27,2023,108,107,109,111,108
13674092081952477745,173,2023-03-27,2023,108,107,109,111,108
15253521867720364939,174,2023-03-27,2023,109,108,110,112,109
15407880110998827490,175,2023-03-27,2023,110,109,111,113,110
15588883483809076687,176,2023-03-27,2023,111,110,112,114,111
17599338601826951034,177,2023-03-27,2023,112,111,113,115,112
18011218587517332187,178,2023-03-27,2023,113,112,114,116,113
556502590775758509,179,2023-03-28,2023,114,113,115,117,114
615617004100984410,180,2023-03-28,2023,115,114,116,118,115
1393852803510390358,181,2023-03-28,2023,115,114,116,118,115
1621487029572073904,182,2023-03-28,2023,115,114,116,118,115
2490223763842746169,183,2023-03-28,2023,115,114,116,118,115
2845890685471421236,184,2023-03-28,2023,115,114,116,118,115
2998945343323988973,185,2023-03-28,2023,116,115,117,119,116
3157569327362000862,186,2023-03-28,2023,117,116,118,120,117
3463185627792650462,187,2023-03-28,2023,118,117,119,121,118
3495060648284970246,188,2023-03-28,2023,119,118,120,122,119
4146456393702375399,189,2023-03-28,2023,119,118,120,122,119
4171109128366682330,190,2023-03-28,2023,120,119,121,123,120
4419475102445125633,191,2023-03-28,2023,120,119,121,123,120
4691698439827509864,192,2023-03-28,2023,120,119,121,123,120
5705477921796677297,193,2023-03-28,2023,120,119,121,123,120
5993085881918713855,194,2023-03-28,2023,120,119,121,123,120
6591768280350423019,195,2023-03-28,2023,121,120,122,124,121
6876102119100478481,196,2023-03-28,2023,121,120,122,124,121
7080590173280523904,197,2023-03-28,2023,122,121,123,125,122
7654473511250262396,198,2023-03-28,2023,122,121,123,125,122
8104775214496881821,199,2023-03-28,2023,122,121,123,125,122
8249410642486897817,200,2023-03-28,2023,123,121,124,126,123
9471392204429274737,201,2023-03-28,2023,124,122,125,127,124
9547160289672665091,202,2023-03-28,2023,125,123,126,128,125
9815873826693579784,203,2023-03-28,2023,125,123,126,128,125
10371835217680565392,204,2023-03-28,2023,126,124,127,129,125
10455527819930063487,205,2023-03-28,2023,127,125,128,130,126
11301180657218283688,206,2023-03-28,2023,127,125,128,130,126
11378262439755137838,207,2023-03-28,2023,127,125,128,130,127
11605545571017989438,208,2023-03-28,2023,127,125,128,130,127
12144862993630974243,209,2023-03-28,2023,127,126,129,131,128
13292486238153322975,210,2023-03-28,2023,127,126,129,131,128
13559848063246460867,211,2023-03-28,2023,128,127,130,132,129
13895847227524347763,212,2023-03-28,2023,128,127,130,132,129
14687538363906556994,213,2023-03-28,2023,129,128,131,133,130
14980495915298804262,214,2023-03-28,2023,130,129,132,134,131
15048758193267486999,215,2023-03-28,2023,131,130,133,135,132
16181201294364367267,216,2023-03-28,2023,131,130,133,135,132
16285626924288391695,217,2023-03-28,2023,131,130,133,135,132
16484373491068322005,218,2023-03-28,2023,132,131,134,136,133
16495362008866808945,219,2023-03-28,2023,132,131,134,136,133
16810160639190649205,220,2023-03-28,2023,133,132,135,137,134
17652172060078958520,221,2023-03-28,2023,134,133,136,138,135
18349353904809169560,222,2023-03-28,2023,134,133,136,138,135
7024413653484181416,223,2023-03-29,2023,134,133,136,138,135
6539341592071924910,224,2023-03-31,2023,135,134,137,139,136
393765567501311906,225,2023-04-19,2023,135,134,137,139,136
16914416418709633787,226,2023-06-07,2023,136,135,138,140,137
9188422865786154362,227,2023-06-09,2023,136,135,138,140,137
10374600756571153607,228,2023-06-10,2023,136,135,138,140,137
18246795258650367997,229,2023-06-10,2023,137,136,139,141,138
6993658015955356057,230,2023-06-11,2023,138,137,140,142,139
7974531325116625659,231,2023-06-11,2023,138,137,140,142,139
10574544420367722078,232,2023-06-11,2023,138,137,140,142,139
11455082406623713727,233,2023-06-11,2023,139,138,141,143,140
16725401027750123758,234,2023-06-11,2023,140,139,142,144,141
2481966425333691060,235,2023-06-12,2023,140,139,142,144,141
4416976819809919942,236,2023-06-12,2023,140,139,142,144,141
11054827727784685521,237,2023-06-13,2023,141,140,143,145,142
12119894343530428639,238,2023-06-13,2023,141,140,143,145,142
624233655376792466,239,2023-06-14,2023,142,141,144,146,143
1576521908775053308,240,2023-06-14,2023,143,142,145,147,144
2289446967263879139,241,2023-06-14,2023,144,143,146,148,145
2761548829826386594,242,2023-06-14,2023,145,143,146,148,145
4451781461618376022,243,2023-06-14,2023,146,144,147,149,146
5544735293102527822,244,2023-06-14,2023,147,145,148,150,147
7177926731978866473,245,2023-06-14,2023,148,146,149,151,148
7881130644407436248,246,2023-06-14,2023,149,147,150,152,149
8480188698980930897,247,2023-06-14,2023,149,147,150,152,149
8943510438376419437,248,2023-06-14,2023,149,147,150,152,149
10236931586175818884,249,2023-06-14,2023,149,147,150,152,149
10719318017045567668,250,2023-06-14,2023,150,148,151,153,150
12501503902715441927,251,2023-06-14,2023,150,148,151,153,150
15155814196537400331,252,2023-06-14,2023,151,149,152,153,151
343571675369760061,253,2023-06-15,2023,151,149,152,153,151
806165755005711875,254,2023-06-15,2023,152,150,153,154,152
1969200750277677217,255,2023-06-15,2023,153,151,154,155,153
2253549687913034994,256,2023-06-15,2023,153,152,154,155,153
2859208292354790104,257,2023-06-15,2023,154,153,155,156,154
5879957485625937236,258,2023-06-15,2023,154,153,155,156,154
8448107625528427321,259,2023-06-15,2023,155,154,156,157,155
14751304814579948186,260,2023-06-15,2023,156,155,157,158,156
15413174932245761057,261,2023-06-15,2023,157,156,158,159,157
16337684048761218869,262,2023-06-15,2023,158,157,159,160,158
17797439531291302623,263,2023-06-15,2023,159,158,160,161,159
430834144371540072,264,2023-06-16,2023,160,159,161,162,160
771861494178298367,265,2023-06-16,2023,161,160,162,163,161
1499213806395417710,266,2023-06-16,2023,162,161,163,164,162
3748865916755740597,267,2023-06-16,2023,162,161,163,164,162
4736493588288846579,268,2023-06-16,2023,162,161,163,164,162
4989378335444873953,269,2023-06-16,2023,162,161,163,164,162
7580869712973414530,270,2023-06-16,2023,163,162,164,165,163
7675633690973583849,271,2023-06-16,2023,164,163,165,166,164
7883027096770042309,272,2023-06-16,2023,165,164,166,167,165
8235095591255771345,273,2023-06-16,2023,165,164,166,167,165
9548317858462558115,274,2023-06-16,2023,166,165,167,168,166
12016464808475917674,275,2023-06-16,2023,167,166,168,169,167
12502183592762617697,276,2023-06-16,2023,168,167,169,170,168
12589069946358506049,277,2023-06-16,2023,169,168,170,171,169
13986687453374351835,278,2023-06-16,2023,169,168,170,171,169
14033802365985991309,279,2023-06-16,2023,170,169,171,172,170
14575743706734395465,280,2023-06-16,2023,170,169,171,172,170
14795482995514059806,281,2023-06-16,2023,171,170,172,173,171
15241210475455680116,282,2023-06-16,2023,172,171,173,174,172
15904279618805508725,283,2023-06-16,2023,173,172,174,175,173
15969514606317263718,284,2023-06-16,2023,174,173,175,176,174
16713334126768313689,285,2023-06-16,2023,175,174,176,177,175
17364346639600334590,286,2023-06-16,2023,176,175,177,178,176
17399902947051564992,287,2023-06-16,2023,176,175,177,178,176
17601208577717666499,288,2023-06-16,2023,177,176,178,179,177
1446058689015479151,289,2023-06-17,2023,178,177,179,180,178
1556426849087335868,290,2023-06-17,2023,179,178,180,181,179
2285395064311304301,291,2023-06-17,2023,180,179,181,182,180
2483976065535151690,292,2023-06-17,2023,181,180,182,183,181
3954348575370088016,293,2023-06-17,2023,182,181,182,184,181
5133300937765320439,294,2023-06-17,2023,182,181,182,184,181
5879762580540925747,295,2023-06-17,2023,182,181,182,184,181
6278159662877608211,296,2023-06-17,2023,183,182,183,185,182
8631224774684214265,297,2023-06-17,2023,183,182,183,185,182
8631276703605479753,298,2023-06-17,2023,184,183,184,186,183
8918525167292181400,299,2023-06-17,2023,185,183,184,186,183
9681612212890892974,300,2023-06-17,2023,186,184,185,187,184
10047977013818305027,301,2023-06-17,2023,186,184,185,187,184
10215519844851231106,302,2023-06-17,2023,186,184,185,187,184
10248513140007153625,303,2023-06-17,2023,187,185,186,188,185
10398096426977131364,304,2023-06-17,2023,187,185,186,188,185
11641110846535762166,305,2023-06-17,2023,187,185,186,188,186
12462648807363366876,306,2023-06-17,2023,187,185,186,188,187
12473134799663810321,307,2023-06-17,2023,188,186,187,189,188
12671258514147081783,308,2023-06-17,2023,189,187,188,190,189
13813090392018678403,309,2023-06-17,2023,189,187,188,190,189
14105559629636147309,310,2023-06-17,2023,189,187,188,190,189
14840879215515892728,311,2023-06-17,2023,189,187,188,190,189
15757821892157155612,312,2023-06-17,2023,189,187,188,190,189
17125608306350569976,313,2023-06-17,2023,190,188,189,191,190
17799987729519069735,314,2023-06-17,2023,191,189,190,192,191
18009273828091090410,315,2023-06-17,2023,191,189,190,192,191
1634256978127982376,316,2023-06-18,2023,191,189,190,192,191
3200329542003062085,317,2023-06-18,2023,191,189,190,192,191
4038446468848938810,318,2023-06-18,2023,192,190,191,193,192
5474162434414131876,319,2023-06-18,2023,192,190,191,193,192
8008225578689041034,320,2023-06-18,2023,193,191,192,194,193
8258755186955422298,321,2023-06-18,2023,194,192,193,195,194
9707836941060734113,322,2023-06-18,2023,195,193,194,196,195
10099662212235950202,323,2023-06-18,2023,196,194,195,197,196
11017114583648107436,324,2023-06-18,2023,197,195,196,198,197
11037274084551222063,325,2023-06-18,2023,198,196,197,199,198
12215625502707608081,326,2023-06-18,2023,199,197,198,200,199
12374049798810034524,327,2023-06-18,2023,200,198,199,201,200
12976310965672813938,328,2023-06-18,2023,200,199,200,202,200
13444459481891523790,329,2023-06-18,2023,200,199,200,202,200
14640383874887999043,330,2023-06-18,2023,201,200,201,203,201
14998057431197140397,331,2023-06-18,2023,201,200,201,203,201
16255400293284975019,332,2023-06-18,2023,201,200,201,203,201
16643315392728404042,333,2023-06-18,2023,201,200,201,203,201
1727154157239993649,334,2023-06-19,2023,202,201,202,204,202
3175695437787771472,335,2023-06-19,2023,202,201,202,204,202
3958050382539681575,336,2023-06-19,2023,203,202,203,205,203
4749645764382472289,337,2023-06-19,2023,203,202,203,205,203
5159739970841146761,338,2023-06-19,2023,204,203,204,206,204
6214073368200923083,339,2023-06-19,2023,205,204,205,207,205
6365724674458924802,340,2023-06-19,2023,206,205,206,208,206
8943149216757256600,341,2023-06-19,2023,206,205,206,208,206
9255473016876226352,342,2023-06-19,2023,207,206,207,209,207
9692935400127877576,343,2023-06-19,2023,208,207,208,210,208
10369139808874386260,344,2023-06-19,2023,209,208,209,211,209
11730173053612918550,345,2023-06-19,2023,210,209,210,212,210
11803092094233040777,346,2023-06-19,2023,210,209,210,212,210
11832685282542473839,347,2023-06-19,2023,211,210,211,213,211
13100456832805394439,348,2023-06-19,2023,212,211,212,214,212
16320642623501925283,349,2023-06-19,2023,212,211,212,214,212
17497548537675989609,350,2023-06-19,2023,213,212,213,215,213
392069599917497822,351,2023-06-20,2023,213,212,213,215,213
480028498461733074,352,2023-06-20,2023,213,212,213,215,213
851086643334604200,353,2023-06-20,2023,214,213,214,216,213
1506348642353325780,354,2023-06-20,2023,215,214,215,217,214
3208033707136970735,355,2023-06-20,2023,216,215,216,218,215
3377742265107100610,356,2023-06-20,2023,217,216,217,219,216
3431112117091944693,357,2023-06-20,2023,217,216,217,219,216
4067690702884757186,358,2023-06-20,2023,218,217,218,220,217
4238012559525144570,359,2023-06-20,2023,218,217,218,220,217
4538881081944856407,360,2023-06-20,2023,219,218,219,221,218
4610202670813302590,361,2023-06-20,2023,219,218,219,221,218
6185763976436606766,362,2023-06-20,2023,219,218,219,221,218
6661891142913774667,363,2023-06-20,2023,220,219,220,222,219
6951207531242876569,364,2023-06-20,2023,221,220,221,223,220
7932741028411311563,365,2023-06-20,2023,222,221,222,224,221
8003572015897225381,366,2023-06-20,2023,222,221,222,224,221
8450426111870118648,367,2023-06-20,2023,222,221,222,224,221
9022109232511492559,368,2023-06-20,2023,223,222,223,225,222
9552711965253819271,369,2023-06-20,2023,224,223,224,226,223
9852090648553980423,370,2023-06-20,2023,225,224,225,227,224
11221844324565196416,371,2023-06-20,2023,226,225,226,228,225
11734389300946132140,372,2023-06-20,2023,227,226,227,229,225
12319712090139942736,373,2023-06-20,2023,228,227,228,230,226
12338091159963756245,374,2023-06-20,2023,229,228,229,231,227
12490882666251149797,375,2023-06-20,2023,229,228,229,231,227
13113911232594742978,376,2023-06-20,2023,229,228,229,231,227
13624018902823806690,377,2023-06-20,2023,230,228,230,232,228
14264868310340404799,378,2023-06-20,2023,231,229,231,233,229
14690367986455132004,379,2023-06-20,2023,231,229,231,233,229
16786235761227718969,380,2023-06-20,2023,232,230,232,234,230
16813912714988542478,381,2023-06-20,2023,232,230,232,234,230
18173810615649891190,382,2023-06-20,2023,232,230,232,234,230
336014598971697569,383,2023-06-21,2023,233,231,233,235,231
7888046168283438955,384,2023-06-21,2023,234,232,234,236,232
6356104192340648895,385,2023-06-22,2023,235,233,235,237,233
14973390685976326038,386,2023-06-22,2023,236,234,236,238,234
53398691253878760,387,2023-06-24,2023,236,234,236,238,234
9819124181939765693,388,2023-06-24,2023,237,235,237,239,235
13024272066021229556,389,2023-06-24,2023,238,236,238,240,236
4109323755056462599,390,2023-06-25,2023,239,237,239,241,237
5102211516941065768,391,2023-06-25,2023,240,238,240,242,238
6825869596368621754,392,2023-06-25,2023,240,238,241,242,239
10152998024247456564,393,2023-06-25,2023,241,239,242,243,240
16156950479310050386,394,2023-06-25,2023,242,240,243,244,241
348900499599307026,395,2023-06-26,2023,242,240,243,244,241
13447318394586323313,396,2023-06-26,2023,242,240,243,244,241
1858571612480036986,397,2023-06-27,2023,242,240,243,244,241
7134166165840314688,398,2023-06-27,2023,242,240,243,244,241
11252514548395452007,399,2023-06-27,2023,243,241,244,245,242
14771607855040872981,400,2023-06-27,2023,244,242,245,246,243
6874753592873152487,401,2023-06-28,2023,245,243,246,247,244
6902554725001064861,402,2023-06-28,2023,246,244,247,248,245
13201235995671643812,403,2023-06-28,2023,247,245,248,249,246
18041692281572184316,404,2023-06-28,2023,248,246,249,250,247
7259940101869519937,405,2023-06-29,2023,248,246,249,250,247
13578195928157496300,406,2023-06-29,2023,249,247,250,251,248
3338428899396738167,407,2023-06-30,2023,249,247,250,251,248
10012119740229587969,408,2023-06-30,2023,249,248,251,251,248
11132624214469576614,409,2023-06-30,2023,250,249,252,252,249
1500670379128894159,410,2023-07-01,2023,250,250,252,252,249
8631211601257076257,411,2023-07-01,2023,251,251,253,253,250
13094273599005528463,412,2023-07-01,2023,252,252,254,254,251
14947877654741155237,413,2023-07-01,2023,252,252,254,254,251
17555145509694822048,414,2023-07-01,2023,252,252,254,254,252
5831518218346817024,415,2023-07-02,2023,253,253,255,255,253
8786608232967391267,416,2023-07-02,2023,253,253,255,255,253
9487128773496544824,417,2023-07-02,2023,253,253,255,255,253
13097936820201289289,418,2023-07-02,2023,254,254,256,256,254
17293497234714461011,419,2023-07-02,2023,255,255,257,257,255
2846459082100164276,420,2023-07-04,2023,256,256,258,258,256
4998401511918977022,421,2023-07-04,2023,256,256,258,258,256
5647413852788269891,422,2023-07-04,2023,256,256,258,258,256
8557893247931236385,423,2023-07-04,2023,257,257,259,259,257
11426260150089447654,424,2023-07-04,2023,258,258,260,260,258
3166030106507697214,425,2023-07-05,2023,258,258,260,260,258
5710824577037722289,426,2023-07-05,2023,258,259,261,261,258
2338966953147102819,427,2023-07-06,2023,259,260,262,262,259
3212887433290041454,428,2023-07-06,2023,259,260,262,262,259
9666302463715695646,429,2023-07-07,2023,260,261,263,263,260
15422767133431592991,430,2023-07-07,2023,260,261,263,263,260
4759565224733627009,431,2023-07-08,2023,261,262,264,264,261
5262612372383508704,432,2023-07-08,2023,262,263,265,265,262
8038070527353354333,433,2023-07-08,2023,263,263,266,266,263
15401982415218637718,434,2023-07-08,2023,263,263,266,266,263
578228119106018236,435,2023-07-09,2023,264,264,267,267,264
2015740979243615731,436,2023-07-09,2023,264,264,267,267,264
2409672565479901563,437,2023-07-09,2023,265,265,268,268,265
3293198772740154939,438,2023-07-09,2023,266,266,269,269,266
10417871464055257957,439,2023-07-09,2023,267,267,270,270,267
11067965010586357371,440,2023-07-09,2023,268,268,271,271,268
11071517688276103125,441,2023-07-09,2023,269,269,272,272,269
11255929322152985999,442,2023-07-09,2023,270,270,273,273,269
14816894270531091257,443,2023-07-09,2023,270,270,273,273,269
15912302784192802964,444,2023-07-09,2023,271,271,274,274,270
17478811516740173249,445,2023-07-09,2023,272,272,275,275,270
490351588971098871,446,2023-07-10,2023,272,272,275,275,270
2203078802064431081,447,2023-07-10,2023,273,273,276,276,271
6163200942188991033,448,2023-07-10,2023,273,273,276,276,271
8615912746447878099,449,2023-07-10,2023,274,274,277,277,272
9342665249761331335,450,2023-07-10,2023,275,275,278,278,273
10564986560036497474,451,2023-07-10,2023,275,275,278,278,273
14651411850135150733,452,2023-07-10,2023,276,276,279,279,274
15220053390668163984,453,2023-07-10,2023,277,277,280,280,275
16527338591175641471,454,2023-07-10,2023,278,278,281,281,276
509827211391645518,455,2023-07-11,2023,279,279,282,282,277
1164557510903536681,456,2023-07-11,2023,280,280,283,283,278
4044023331494811433,457,2023-07-11,2023,281,281,284,284,279
7068123387900829918,458,2023-07-11,2023,281,281,284,284,279
7366631303228369674,459,2023-07-11,2023,282,282,285,285,280
9101051425761303520,460,2023-07-11,2023,283,283,286,286,281
11323310888341171449,461,2023-07-11,2023,283,283,286,286,281
14517672025552283437,462,2023-07-11,2023,283,283,286,286,281
14784165799436983306,463,2023-07-11,2023,284,284,287,287,282
15706938033596603700,464,2023-07-11,2023,284,284,287,287,282
16755724733258238201,465,2023-07-11,2023,284,284,287,287,282
2995539970322141447,466,2023-07-12,2023,285,285,288,288,283
11238770516495262366,467,2023-07-12,2023,286,286,289,289,284
14052150277012998767,468,2023-07-12,2023,287,287,290,290,285
16278599198743820904,469,2023-07-12,2023,287,287,290,290,285
1846003058607045834,470,2023-07-13,2023,288,288,291,291,286
8436279191415573658,471,2023-07-13,2023,288,288,291,291,286
8672916771553813872,472,2023-07-13,2023,289,289,292,292,287
9572065497530885056,473,2023-07-13,2023,290,290,293,293,288
9790576494633571343,474,2023-07-13,2023,290,291,294,294,289
13972553375040372709,475,2023-07-13,2023,290,292,294,294,289
13975499863571717436,476,2023-07-13,2023,290,292,294,294,289
8450234894867795814,477,2023-07-14,2023,290,292,294,294,289
16216361846713152083,478,2023-07-14,2023,291,293,295,295,290
17160843653795622256,479,2023-07-14,2023,291,293,295,295,290
6479819724803665220,480,2023-07-16,2023,292,294,296,296,291
7243577459083629649,481,2023-07-16,2023,293,295,297,297,292
8869790456752071779,482,2023-07-16,2023,293,295,297,297,292
17981873746957790489,483,2023-07-16,2023,294,296,298,298,293
13830936140268689825,484,2023-08-02,2023,295,297,299,299,294
11801619566187761564,485,2023-08-04,2023,295,297,300,300,295
13099724736044596037,486,2023-08-05,2023,296,298,301,301,296
1849644419220884423,487,2023-08-06,2023,297,299,302,302,297
15441732468288056880,488,2023-08-06,2023,298,300,303,303,298
17648066259241840684,489,2023-08-08,2023,299,301,304,304,299
8766017351769094760,490,2023-08-24,2023,300,302,305,305,300
11697025278247056005,491,2023-08-24,2023,300,302,305,305,301
1405331323699203636,492,2023-08-26,2023,300,302,305,305,301
2312352977164086543,493,2023-08-26,2023,300,302,305,305,301
6338902250621069548,494,2023-08-27,2023,301,302,305,305,302
2677455242940477564,495,2023-08-28,2023,301,302,305,305,302
7440920035946456115,496,2023-08-28,2023,302,303,306,306,303
10719461549665948707,497,2023-08-28,2023,303,304,307,307,304
2170328252556068350,498,2023-08-31,2023,304,305,308,308,305
6929431869043019120,499,2023-08-31,2023,305,306,309,309,306
8638787501986783013,500,2023-08-31,2023,306,307,310,310,307
1601414100039045476,501,2023-09-02,2023,306,307,310,310,307
8373038077089352298,502,2023-09-02,2023,306,307,310,310,307
11763031324845557602,503,2023-09-03,2023,306,307,310,310,307
18228780108479530440,504,2023-09-03,2023,306,307,310,310,307
4450718968732899585,505,2023-09-04,2023,306,308,311,311,308
4731949980639820503,506,2023-09-06,2023,306,308,311,311,308
14607355044649379042,507,2023-09-06,2023,307,309,312,312,309
14878819952818544532,508,2023-09-06,2023,307,309,312,312,309
15219481510833723783,509,2023-09-06,2023,307,309,312,312,309
16045458193298770254,510,2023-09-06,2023,308,310,313,313,310
641526186520044271,511,2023-09-07,2023,309,311,314,314,311
1270765950928343373,512,2023-09-07,2023,310,312,315,315,312
1791250469590503479,513,2023-09-07,2023,310,312,315,315,312
1830736643852331360,514,2023-09-07,2023,311,313,316,316,313
2971229872371138040,515,2023-09-07,2023,311,313,316,316,313
4146189053609321054,516,2023-09-07,2023,311,313,316,316,313
4230599260906865540,517,2023-09-07,2023,311,313,316,316,313
5229152456478562879,518,2023-09-07,2023,312,314,317,317,314
6575048001435962836,519,2023-09-07,2023,313,315,318,318,315
6988283527040614951,520,2023-09-07,2023,314,316,319,319,316
7132412096654038589,521,2023-09-07,2023,315,317,320,320,317
7209713561095225723,522,2023-09-07,2023,316,318,321,321,318
7550968225091937207,523,2023-09-07,2023,317,319,322,322,319
7755226172575873369,524,2023-09-07,2023,317,319,322,322,319
9054233142457208292,525,2023-09-07,2023,317,319,322,322,319
9118396210557108427,526,2023-09-07,2023,318,320,323,323,320
9538563109596412082,527,2023-09-07,2023,319,321,324,324,321
10864531556592571691,528,2023-09-07,2023,320,322,325,325,322
11212038181511166709,529,2023-09-07,2023,320,322,325,325,322
11874592831248322231,530,2023-09-07,2023,321,323,326,326,323
12200872033986475769,531,2023-09-07,2023,321,323,326,326,323
13506619673471162612,532,2023-09-07,2023,321,323,326,326,323
13894982544317789144,533,2023-09-07,2023,321,323,326,326,323
14238715234209109966,534,2023-09-07,2023,321,323,326,326,323
14609994229311500421,535,2023-09-07,2023,322,324,327,327,324
14770271393707670462,536,2023-09-07,2023,323,325,328,328,325
14865872627885373228,537,2023-09-07,2023,323,325,328,328,325
14995234161163847815,538,2023-09-07,2023,323,325,328,328,325
15155143152151980234,539,2023-09-07,2023,324,326,329,329,326
16340763443626707928,540,2023-09-07,2023,325,327,330,330,326
16634150283191300993,541,2023-09-07,2023,325,327,330,330,326
17004677690903408162,542,2023-09-07,2023,326,328,331,331,327
17356136886515326094,543,2023-09-07,2023,327,329,332,332,328
17543730856550652188,544,2023-09-07,2023,328,330,333,333,329
436157814455266845,545,2023-09-08,2023,329,331,334,334,330
799506800300873246,546,2023-09-08,2023,330,332,335,335,331
1119026125840367272,547,2023-09-08,2023,330,332,335,335,331
2187202039891599558,548,2023-09-08,2023,330,332,336,336,331
4083069818672752158,549,2023-09-08,2023,331,333,337,337,332
5479048893867993310,550,2023-09-08,2023,332,334,338,338,333
7277652124462958749,551,2023-09-08,2023,333,335,339,339,333
7582334172532269442,552,2023-09-08,2023,333,335,339,339,333
8945584867763543691,553,2023-09-08,2023,334,336,340,340,334
9603414001704558424,554,2023-09-08,2023,334,337,341,341,335
9624809955904370985,555,2023-09-08,2023,335,338,342,342,336
10023424679733371998,556,2023-09-08,2023,336,339,343,343,337
10916614945737711391,557,2023-09-08,2023,337,340,344,344,338
10926864855826074889,558,2023-09-08,2023,337,340,344,344,338
11284156574212907322,559,2023-09-08,2023,337,340,344,344,338
11623485181953950859,560,2023-09-08,2023,337,340,344,344,338
11984670347934618862,561,2023-09-08,2023,337,340,344,344,338
14528709995628622828,562,2023-09-08,2023,338,341,345,345,339
14815221585337951417,563,2023-09-08,2023,338,341,345,345,339
15592492526952160447,564,2023-09-08,2023,338,341,345,345,339
16683249258405237618,565,2023-09-08,2023,339,342,346,346,340
16959287111753718531,566,2023-09-08,2023,340,343,347,347,341
17455463153951807951,567,2023-09-08,2023,340,343,347,347,341
18194557119926441762,568,2023-09-08,2023,340,343,347,347,341
1226794791543499292,569,2023-09-09,2023,340,343,347,347,341
2864006718033524066,570,2023-09-09,2023,341,344,348,348,342
3321183789996085441,571,2023-09-09,2023,341,344,348,348,342
3775991039166263611,572,2023-09-09,2023,341,344,348,348,342
6565792530300435681,573,2023-09-09,2023,341,344,348,348,342
8336464917383592039,574,2023-09-09,2023,341,344,348,348,342
8596411640545234444,575,2023-09-09,2023,342,345,349,349,343
9561082280857986890,576,2023-09-09,2023,343,346,350,350,344
11062983363999690863,577,2023-09-09,2023,343,346,350,350,344
11200964299760413694,578,2023-09-09,2023,344,347,351,351,345
11296554002660493504,579,2023-09-09,2023,344,347,351,351,345
11619133541275134890,580,2023-09-09,2023,345,348,352,352,346
12032076496170730808,581,2023-09-09,2023,345,348,352,352,347
12567722932191753169,582,2023-09-09,2023,345,348,352,352,347
12731453179174175662,583,2023-09-09,2023,345,348,352,352,347
13997938143512084778,584,2023-09-09,2023,346,349,353,353,348
15341395973357961894,585,2023-09-09,2023,346,349,353,353,348
16861183483811798131,586,2023-09-09,2023,346,349,353,353,348
17948723831392880370,587,2023-09-09,2023,346,349,353,353,348
18088312742527336266,588,2023-09-09,2023,346,349,353,353,348
18182138081980690956,589,2023-09-09,2023,347,350,354,354,349
1610153681164064491,590,2023-09-10,2023,348,351,355,355,350
1744387329364927953,591,2023-09-10,2023,348,351,355,355,350
2695322506703717047,592,2023-09-10,2023,349,352,356,356,351
2969778651779434280,593,2023-09-10,2023,350,353,357,357,352
3737304850643743161,594,2023-09-10,2023,351,354,358,358,353
3772297281277534919,595,2023-09-10,2023,352,355,359,359,354
4217765470683894186,596,2023-09-10,2023,353,356,360,360,355
5755010106512522359,597,2023-09-10,2023,354,357,361,361,356
6864711616004213439,598,2023-09-10,2023,355,358,362,362,357
7115857132500726540,599,2023-09-10,2023,355,358,362,362,357
7527275195473603937,600,2023-09-10,2023,356,359,363,363,357
8012972148481045587,601,2023-09-10,2023,356,359,363,363,357
9080397555203043534,602,2023-09-10,2023,356,359,364,363,358
11675400064558963521,603,2023-09-10,2023,356,359,364,363,358
12124172619700219310,604,2023-09-10,2023,357,360,365,364,359
12708530741470142928,605,2023-09-10,2023,357,360,365,364,359
15219321725612855059,606,2023-09-10,2023,357,360,365,364,359
15440707656621402407,607,2023-09-10,2023,357,360,365,364,359
16489574039664428625,608,2023-09-10,2023,358,361,366,365,360
18237723071881947299,609,2023-09-10,2023,359,362,367,366,361
4941783546620108922,610,2023-09-11,2023,360,363,368,367,362
5760689149731004957,611,2023-09-11,2023,360,363,368,367,362
6066715181361591690,612,2023-09-11,2023,360,364,369,367,362
6430574206956886070,613,2023-09-11,2023,361,365,370,368,363
8737041198151350043,614,2023-09-11,2023,362,366,371,369,364
10289729828002748186,615,2023-09-11,2023,363,367,372,370,365
10393904848418318022,616,2023-09-11,2023,364,368,373,371,366
10544236139957382333,617,2023-09-11,2023,365,369,374,372,366
10611957109812409696,618,2023-09-11,2023,366,370,375,373,366
12625824719482223641,619,2023-09-11,2023,367,371,376,374,367
13722877130649822158,620,2023-09-11,2023,368,372,377,375,368
14345648593309031286,621,2023-09-11,2023,368,372,377,375,368
15385243500654611081,622,2023-09-11,2023,369,373,378,376,369
15547862862478004085,623,2023-09-11,2023,370,374,379,377,370
16165021678136706400,624,2023-09-11,2023,371,375,380,378,371
61751685401425650,625,2023-09-12,2023,371,375,380,378,371
504177821404794701,626,2023-09-12,2023,372,376,381,379,372
710068934943330712,627,2023-09-12,2023,373,377,382,380,373
1438018390840090285,628,2023-09-12,2023,374,378,383,381,374
1885882564580349987,629,2023-09-12,2023,375,379,384,382,375
2777395669875621763,630,2023-09-12,2023,375,379,384,382,375
2864567410551358286,631,2023-09-12,2023,375,379,384,382,375
3175931130600196348,632,2023-09-12,2023,375,379,384,382,375
3622157774918704753,633,2023-09-12,2023,375,379,385,383,375
4075883063891531757,634,2023-09-12,2023,376,380,386,384,376
4492085179238949564,635,2023-09-12,2023,377,381,387,385,377
5101553984471863015,636,2023-09-12,2023,378,382,388,386,378
5202860935413286221,637,2023-09-12,2023,379,383,389,387,379
5719134894958500333,638,2023-09-12,2023,380,384,390,388,380
5842010997264474533,639,2023-09-12,2023,381,384,391,388,381
6249919486857878024,640,2023-09-12,2023,382,385,392,389,382
6256513485873565025,641,2023-09-12,2023,383,386,393,390,383
6529718168222870582,642,2023-09-12,2023,384,387,394,391,384
6880748165748029644,643,2023-09-12,2023,384,387,394,391,384
7143614983735367397,644,2023-09-12,2023,385,388,395,392,385
7231434171992683225,645,2023-09-12,2023,386,389,396,393,386
7395209052752671346,646,2023-09-12,2023,387,390,397,394,387
7439072196603013560,647,2023-09-12,2023,388,391,398,395,388
8615085969346432862,648,2023-09-12,2023,389,392,399,396,389
10917191741681242415,649,2023-09-12,2023,389,392,399,396,389
11041406934428953235,650,2023-09-12,2023,390,393,400,397,390
11558662430797710497,651,2023-09-12,2023,391,394,401,398,391
11992338593636250381,652,2023-09-12,2023,391,394,401,398,391
12665486205886569106,653,2023-09-12,2023,391,394,401,398,391
13059700772307749522,654,2023-09-12,2023,392,394,402,399,391
13193526697626279644,655,2023-09-12,2023,393,395,403,400,392
14010850150901684286,656,2023-09-12,2023,393,395,403,400,393
14575679263942365564,657,2023-09-12,2023,393,395,403,400,393
15047637157684535971,658,2023-09-12,2023,394,396,404,401,394
15568287593633982470,659,2023-09-12,2023,395,397,405,402,395
15729262361386783875,660,2023-09-12,2023,396,398,406,403,396
16294609876387515807,661,2023-09-12,2023,396,398,406,403,396
16566296596249188847,662,2023-09-12,2023,397,399,407,404,397
16858646818304226315,663,2023-09-12,2023,398,400,408,405,398
17458681802473062005,664,2023-09-12,2023,398,400,408,405,398
17534128033184214915,665,2023-09-12,2023,398,400,408,405,398
18040153629158616601,666,2023-09-12,2023,398,400,408,405,398
18439573030107414579,667,2023-09-12,2023,399,401,409,406,399
9654598199213399048,668,2023-10-08,2023,400,402,410,407,400
11682373179463112576,669,2023-10-08,2023,401,403,411,408,401
6842724133380752440,670,2023-10-10,2023,402,404,412,409,402
6143502222841268175,671,2023-10-11,2023,403,405,413,410,403
7834587291185794723,672,2023-10-11,2023,404,406,414,411,404
8142957840554227637,673,2023-10-11,2023,405,407,415,412,405
519101728020950707,674,2023-10-12,2023,405,407,415,412,405
818228586714364045,675,2023-10-12,2023,406,408,416,413,406
1113925798473273772,676,2023-10-12,2023,406,408,416,413,406
1442038703551465639,677,2023-10-12,2023,407,409,417,414,407
2378851038107532430,678,2023-10-12,2023,407,409,417,414,407
3536544486768207414,679,2023-10-12,2023,408,410,418,415,408
3566676514693915599,680,2023-10-12,2023,408,410,418,415,408
4087373992161923974,681,2023-10-12,2023,409,411,419,416,409
4647138350137172600,682,2023-10-12,2023,409,411,419,416,409
4663834911272376866,683,2023-10-12,2023,410,412,420,417,410
5034063511094087404,684,2023-10-12,2023,411,413,421,418,411
5988956506857795697,685,2023-10-12,2023,412,414,422,419,412
6177670147309293203,686,2023-10-12,2023,413,415,423,420,413
6239039665970445690,687,2023-10-12,2023,414,416,424,421,414
6690492780767151904,688,2023-10-12,2023,415,417,425,422,415
7605310382024772847,689,2023-10-12,2023,415,418,425,422,416
7815262756412183310,690,2023-10-12,2023,416,419,426,423,417
7835913917687440022,691,2023-10-12,2023,417,420,427,424,418
9026620334666538479,692,2023-10-12,2023,418,421,428,425,419
9256871587996781374,693,2023-10-12,2023,418,421,428,425,419
9429253827340835351,694,2023-10-12,2023,419,422,429,426,420
9636149064477358308,695,2023-10-12,2023,419,422,429,426,421
10535514625586801985,696,2023-10-12,2023,419,422,429,426,421
10795681834112933476,697,2023-10-12,2023,420,423,430,427,422
10959018868147360462,698,2023-10-12,2023,421,424,431,428,423
11665540471431514157,699,2023-10-12,2023,422,425,432,429,424
12060943713477918135,700,2023-10-12,2023,423,426,433,430,425
12999477969637238661,701,2023-10-12,2023,423,426,433,430,425
14067397560178476342,702,2023-10-12,2023,424,427,434,431,426
15133283979097827543,703,2023-10-12,2023,424,427,434,431,426
15973403265905624450,704,2023-10-12,2023,425,428,435,432,427
16580267022681759289,705,2023-10-12,2023,426,429,436,433,428
16725096436781651130,706,2023-10-12,2023,427,430,437,434,429
16778196881418470144,707,2023-10-12,2023,428,431,438,435,430
17256856639552344655,708,2023-10-12,2023,428,431,438,435,430
17733480000475032361,709,2023-10-12,2023,428,431,438,435,430
18108243313789540837,710,2023-10-12,2023,429,432,439,436,431
809716081344825886,711,2023-10-13,2023,430,433,440,437,432
1173416052766606196,712,2023-10-13,2023,430,433,440,437,432
1516921134106678452,713,2023-10-13,2023,430,433,440,437,432
1973175150696276152,714,2023-10-13,2023,431,434,441,438,433
3032569618765346780,715,2023-10-13,2023,432,435,442,439,434
4386203096273611062,716,2023-10-13,2023,432,435,442,439,435
4818564873456289365,717,2023-10-13,2023,433,435,443,440,435
6010612370256363317,718,2023-10-13,2023,434,436,444,441,436
6610277467297413738,719,2023-10-13,2023,435,437,445,442,437
8506474182804516204,720,2023-10-13,2023,435,437,445,442,437
9488064558323152546,721,2023-10-13,2023,435,438,445,442,437
10222757152593872238,722,2023-10-13,2023,436,439,446,443,438
10611536309319514825,723,2023-10-13,2023,436,439,446,443,438
10679865769102813589,724,2023-10-13,2023,437,440,447,444,438
11780229332431891919,725,2023-10-13,2023,438,441,448,445,439
13309657248177528318,726,2023-10-13,2023,439,442,449,446,440
13359381098701687604,727,2023-10-13,2023,439,442,449,446,440
14346524144024334711,728,2023-10-13,2023,440,443,450,447,441
14650426709587284679,729,2023-10-13,2023,441,444,451,448,442
15029776573137724670,730,2023-10-13,2023,441,444,451,448,442
15034317516913694335,731,2023-10-13,2023,442,445,452,449,443
15581861904654101718,732,2023-10-13,2023,443,446,453,450,444
15582368441133095402,733,2023-10-13,2023,443,446,453,450,444
17331676154756572038,734,2023-10-13,2023,443,446,453,450,444
17522524547703628985,735,2023-10-13,2023,444,447,454,451,445
18444954826194874287,736,2023-10-13,2023,444,447,454,451,445
619496079292814960,737,2023-10-14,2023,445,448,455,452,446
2867421088579720219,738,2023-10-14,2023,445,449,455,453,447
3422103908672165719,739,2023-10-14,2023,446,450,456,454,448
4123947373601958045,740,2023-10-14,2023,447,451,456,454,448
5805397888161720522,741,2023-10-14,2023,448,452,457,455,449
6517814362496685264,742,2023-10-14,2023,449,453,458,456,450
6764053040504656238,743,2023-10-14,2023,449,453,458,456,450
7305840881287959100,744,2023-10-14,2023,449,453,458,456,450
9288310315283249563,745,2023-10-14,2023,449,453,458,456,450
10967621102152222883,746,2023-10-14,2023,450,454,459,457,451
11736111040411639334,747,2023-10-14,2023,451,455,460,458,452
12585407486983131657,748,2023-10-14,2023,452,456,461,459,453
13054097202297308682,749,2023-10-14,2023,453,457,462,460,454
13715222231986253102,750,2023-10-14,2023,454,458,463,461,455
15230631580809914704,751,2023-10-14,2023,455,458,463,461,455
15246540227009401207,752,2023-10-14,2023,456,459,464,462,456
16917092978043860434,753,2023-10-14,2023,456,459,464,462,456
17159103408966104892,754,2023-10-14,2023,457,460,465,463,457
17744003022715811258,755,2023-10-14,2023,457,460,465,463,457
1097903969247039490,756,2023-10-15,2023,458,461,466,464,458
2858588845256576590,757,2023-10-15,2023,458,461,466,464,458
4071041428578123392,758,2023-10-15,2023,459,462,467,465,459
6971794707096370927,759,2023-10-15,2023,460,463,468,466,460
7360218866423940152,760,2023-10-15,2023,461,464,469,467,461
9108773034496382871,761,2023-10-15,2023,461,465,470,468,461
9424086207430688897,762,2023-10-15,2023,461,465,470,468,461
9585172994793138666,763,2023-10-15,2023,461,465,470,468,461
9756695639935725891,764,2023-10-15,2023,461,465,470,468,461
10608013817460923928,765,2023-10-15,2023,462,466,471,469,462
10904634569279070460,766,2023-10-15,2023,462,466,471,469,462
16173635581032422150,767,2023-10-15,2023,463,467,472,470,463
16818851411020457474,768,2023-10-15,2023,464,468,473,471,464
17433664035118912224,769,2023-10-15,2023,464,468,473,471,464
17548144375013853694,770,2023-10-15,2023,465,469,474,472,465
765757723671389896,771,2023-10-16,2023,466,470,475,473,466
1071316744814512006,772,2023-10-16,2023,467,471,476,474,467
1937361055842812718,773,2023-10-16,2023,468,472,477,475,468
1952320640108819337,774,2023-10-16,2023,469,473,478,476,469
2367699332687256735,775,2023-10-16,2023,470,474,479,477,470
2595366602991599692,776,2023-10-16,2023,470,474,479,477,470
2862957473006947413,777,2023-10-16,2023,470,474,479,477,470
5257174864830096893,778,2023-10-16,2023,471,475,480,478,471
5842829714066808435,779,2023-10-16,2023,471,475,480,478,471
6665018888663322472,780,2023-10-16,2023,471,475,480,478,471
8869061994517079196,781,2023-10-16,2023,472,476,481,479,472
8885941544084031671,782,2023-10-16,2023,473,477,482,480,473
9357866443479361956,783,2023-10-16,2023,473,477,482,480,473
10749916666928496922,784,2023-10-16,2023,474,478,483,481,474
11138581046543933811,785,2023-10-16,2023,475,479,484,482,475
11365348948969297561,786,2023-10-16,2023,476,480,485,483,476
16839015324293951161,787,2023-10-16,2023,477,481,486,484,477
17038060139659262962,788,2023-10-16,2023,478,482,487,485,478
116075742028011648,789,2023-10-17,2023,478,482,487,485,478
510446323834096263,790,2023-10-17,2023,479,483,488,486,479
900789051402541522,791,2023-10-17,2023,480,484,489,487,480
925647147152237113,792,2023-10-17,2023,480,484,489,487,480
987557338526968637,793,2023-10-17,2023,480,484,489,487,480
1149917793393498599,794,2023-10-17,2023,481,485,490,488,481
1155064638288246613,795,2023-10-17,2023,482,486,491,489,482
1262218455290330333,796,2023-10-17,2023,483,487,492,490,483
1414131390967445582,797,2023-10-17,2023,484,488,493,491,484
2007737275891863970,798,2023-10-17,2023,485,489,494,492,485
2399957720143661850,799,2023-10-17,2023,486,490,495,493,486
2492511731606469715,800,2023-10-17,2023,487,491,496,494,487
3199160659233580223,801,2023-10-17,2023,488,492,497,495,488
3211773654110470502,802,2023-10-17,2023,489,493,498,496,489
3398019670413840053,803,2023-10-17,2023,489,493,498,496,489
3624550778790723093,804,2023-10-17,2023,490,494,499,497,490
3687030137395801129,805,2023-10-17,2023,490,494,499,497,490
3712497161535917658,806,2023-10-17,2023,490,494,499,497,490
3757382532971114623,807,2023-10-17,2023,491,495,500,498,491
3777390342260041696,808,2023-10-17,2023,492,496,501,499,492
3977610044484009423,809,2023-10-17,2023,493,497,502,500,493
4660186218537416270,810,2023-10-17,2023,493,497,502,500,493
4860707896313706134,811,2023-10-17,2023,494,498,503,501,493
5734560644790650179,812,2023-10-17,2023,494,498,503,501,493
6976791469815550919,813,2023-10-17,2023,494,499,504,502,494
6991878035477409595,814,2023-10-17,2023,495,500,505,503,495
7585410313088338194,815,2023-10-17,2023,495,500,505,503,495
7998185514502109834,816,2023-10-17,2023,496,501,506,504,496
8006422788698029472,817,2023-10-17,2023,497,502,507,505,497
8331221288666497473,818,2023-10-17,2023,498,503,508,506,498
8374674171976436649,819,2023-10-17,2023,498,503,508,506,498
8567262742689118209,820,2023-10-17,2023,499,504,509,507,499
9275811984694877568,821,2023-10-17,2023,500,505,510,508,500
9337632265223298256,822,2023-10-17,2023,501,506,511,509,501
9686848208476701015,823,2023-10-17,2023,502,507,512,510,502
9723362209511294884,824,2023-10-17,2023,503,508,513,511,503
9788892766179499793,825,2023-10-17,2023,504,509,514,512,504
10426814803847490319,826,2023-10-17,2023,504,509,514,512,504
11601894620352419858,827,2023-10-17,2023,505,510,515,513,505
12265176025098687862,828,2023-10-17,2023,505,510,515,513,505
12644461335991686727,829,2023-10-17,2023,505,510,515,513,505
13759607981406731235,830,2023-10-17,2023,505,510,515,513,506
14048016905337014242,831,2023-10-17,2023,506,511,516,514,506
14807546605712482109,832,2023-10-17,2023,506,511,516,514,506
14924505222711742171,833,2023-10-17,2023,507,512,517,515,506
15113893984081940749,834,2023-10-17,2023,508,513,518,516,507
16679692391272757978,835,2023-10-17,2023,508,513,518,516,507
16771890398747675521,836,2023-10-17,2023,509,514,519,517,508
17503055000861741991,837,2023-10-17,2023,510,515,520,518,509
17599234590678979149,838,2023-10-17,2023,510,515,520,518,510
18007384814210782343,839,2023-10-17,2023,510,515,520,518,510
18123909266635691920,840,2023-10-17,2023,510,515,520,518,510
6908641401316392710,841,2023-10-23,2023,511,516,521,519,511
16267552954997822455,842,2023-11-11,2023,511,516,521,519,511
8086530773421537969,843,2023-11-12,2023,512,517,522,520,511
3152862129344193249,844,2023-11-15,2023,512,517,522,520,511
4830211851370576944,845,2023-11-15,2023,513,518,523,521,512
7569792137676569908,846,2023-11-15,2023,513,518,523,521,512
10220602569272569813,847,2023-11-15,2023,514,519,524,522,513
11189893211613342559,848,2023-11-15,2023,514,519,524,522,513
14866414909603733539,849,2023-11-15,2023,514,519,524,522,513
252769375170246590,850,2023-11-16,2023,515,519,525,523,514
801502351153455963,851,2023-11-16,2023,516,520,526,524,515
1420450844297662010,852,2023-11-16,2023,516,520,526,524,515
1497589210678944404,853,2023-11-16,2023,517,521,527,525,516
1604524405556589940,854,2023-11-16,2023,518,522,528,526,517
1732328716012160196,855,2023-11-16,2023,518,522,528,526,517
2140174541986716382,856,2023-11-16,2023,518,522,528,526,517
3109426154031274858,857,2023-11-16,2023,519,523,529,527,518
3115616024908583508,858,2023-11-16,2023,519,523,529,527,518
3215013567271569809,859,2023-11-16,2023,520,524,530,528,519
4181152193684041743,860,2023-11-16,2023,521,525,531,529,520
5180848886466054034,861,2023-11-16,2023,522,525,531,529,520
5213606200968472946,862,2023-11-16,2023,522,525,531,529,520
5353398079983484056,863,2023-11-16,2023,522,525,531,529,520
5421250676158654519,864,2023-11-16,2023,522,525,531,529,520
5628488712538372143,865,2023-11-16,2023,523,526,532,530,521
6060836656134479194,866,2023-11-16,2023,523,526,532,531,522
6690753487940417883,867,2023-11-16,2023,524,527,533,532,523
8340802338023896586,868,2023-11-16,2023,525,528,534,533,524
8343417030294718634,869,2023-11-16,2023,525,528,534,533,524
8960189666070663155,870,2023-11-16,2023,525,528,534,533,524
9432615522169962097,871,2023-11-16,2023,526,529,535,534,525
10152483291166509524,872,2023-11-16,2023,527,530,536,535,526
10887634486355840302,873,2023-11-16,2023,528,531,537,536,527
10899303625014066228,874,2023-11-16,2023,528,532,537,536,527
11802300934732447974,875,2023-11-16,2023,528,532,537,536,527
12551669369991584744,876,2023-11-16,2023,529,533,538,537,528
13403180121969155858,877,2023-11-16,2023,530,534,539,538,529
13732712236056968616,878,2023-11-16,2023,531,535,540,539,530
14038771751291161070,879,2023-11-16,2023,531,535,540,539,530
14051597944806533075,880,2023-11-16,2023,531,535,540,539,530
14188544611431326557,881,2023-11-16,2023,532,536,541,540,531
14964534617946857376,882,2023-11-16,2023,533,537,542,541,532
15084189637585753683,883,2023-11-16,2023,533,537,542,541,532
15463786891143749241,884,2023-11-16,2023,533,537,542,541,532
15809716183217338844,885,2023-11-16,2023,533,537,542,541,532
15899356247649964454,886,2023-11-16,2023,533,537,542,541,532
16171326520634894723,887,2023-11-16,2023,534,538,543,542,533
16377448055706318718,888,2023-11-16,2023,535,539,544,543,534
16481042779471345672,889,2023-11-16,2023,536,540,545,544,535
16534205943601570120,890,2023-11-16,2023,537,541,546,545,536
16617882902239155360,891,2023-11-16,2023,537,541,546,545,536
16770792034382993895,892,2023-11-16,2023,538,542,547,546,537
16798917140930701999,893,2023-11-16,2023,539,543,548,547,538
17535461951575879321,894,2023-11-16,2023,540,544,549,548,539
17861143180468492077,895,2023-11-16,2023,541,545,550,549,540
18312379465429432924,896,2023-11-16,2023,542,546,551,550,541
18321553816044561476,897,2023-11-16,2023,543,547,552,551,542
163041971272259574,898,2023-11-17,2023,544,548,553,552,543
546550347915817115,899,2023-11-17,2023,545,549,554,553,544
2424250813447609475,900,2023-11-17,2023,546,550,555,554,545
3249202801779327490,901,2023-11-17,2023,547,550,556,555,546
4533231961789145398,902,2023-11-17,2023,548,551,557,556,547
5303927339749655189,903,2023-11-17,2023,548,551,557,556,547
5395817603274447906,904,2023-11-17,2023,549,552,558,557,548
6053022404816267998,905,2023-11-17,2023,550,553,559,558,549
6337932837036518740,906,2023-11-17,2023,551,554,560,559,550
7030320255765382135,907,2023-11-17,2023,552,555,561,560,551
7233695669244841957,908,2023-11-17,2023,552,555,561,560,551
7540830635494234230,909,2023-11-17,2023,553,556,562,561,552
9405182680045207232,910,2023-11-17,2023,553,557,562,561,552
9797799618373868239,911,2023-11-17,2023,554,558,563,562,553
10052439185635633951,912,2023-11-17,2023,555,559,564,563,554
11562032308442588644,913,2023-11-17,2023,556,560,565,564,555
11767331819115683574,914,2023-11-17,2023,556,560,565,564,555
11769532801557092639,915,2023-11-17,2023,557,561,566,565,556
12382185934500643269,916,2023-11-17,2023,558,562,567,566,557
12888503162996480237,917,2023-11-17,2023,558,562,567,566,557
13032387732355064535,918,2023-11-17,2023,559,563,568,567,558
14896712772238860074,919,2023-11-17,2023,560,564,569,568,559
15408832906124258290,920,2023-11-17,2023,560,564,569,568,560
16118175579691967384,921,2023-11-17,2023,560,564,569,568,560
17386523180119793402,922,2023-11-17,2023,560,564,569,568,560
18154910399384134164,923,2023-11-17,2023,561,565,570,569,561
636465570704004454,924,2023-11-18,2023,561,565,570,569,561
1896949917735234804,925,2023-11-18,2023,561,565,570,569,561
2767945955654123248,926,2023-11-18,2023,562,566,571,570,562
3494425299734276863,927,2023-11-18,2023,563,567,571,570,563
4006756863675710205,928,2023-11-18,2023,564,568,572,571,564
4338749574504667444,929,2023-11-18,2023,565,569,573,572,565
4566779950676875664,930,2023-11-18,2023,566,569,573,572,565
5850736048386414153,931,2023-11-18,2023,567,570,574,573,566
6334523739589641305,932,2023-11-18,2023,568,571,575,574,567
7912011905258689550,933,2023-11-18,2023,569,572,576,575,568
8826209658936955264,934,2023-11-18,2023,570,573,577,576,569
11450336638482451269,935,2023-11-18,2023,571,574,578,577,570
15256047852134904485,936,2023-11-18,2023,572,575,579,578,570
15518798533903317867,937,2023-11-18,2023,573,576,580,579,571
17484943183061074891,938,2023-11-18,2023,573,576,580,579,571
17841014561216243013,939,2023-11-18,2023,574,577,581,580,572
678396493298973166,940,2023-11-19,2023,575,578,582,581,572
1069034362326337297,941,2023-11-19,2023,575,578,582,581,572
4197849996842895586,942,2023-11-19,2023,576,579,583,582,573
4747944290346832723,943,2023-11-19,2023,577,580,584,583,573
6459441723409446971,944,2023-11-19,2023,578,581,585,584,574
8203714556351565255,945,2023-11-19,2023,579,582,586,585,575
8280792997529195974,946,2023-11-19,2023,580,583,587,586,576
9244246166431437752,947,2023-11-19,2023,580,583,587,586,576
10515967869077103968,948,2023-11-19,2023,580,583,587,586,576
10901645209264973543,949,2023-11-19,2023,581,584,588,587,577
13017797758767708835,950,2023-11-19,2023,582,585,589,588,578
13402501146332943768,951,2023-11-19,2023,582,585,589,588,578
14018488746708860562,952,2023-11-19,2023,583,586,590,589,579
16113818504751425616,953,2023-11-19,2023,584,587,591,590,580
16888988802349628289,954,2023-11-19,2023,585,588,592,591,581
17251456860571493028,955,2023-11-19,2023,585,588,592,591,581
18428524599883621806,956,2023-11-19,2023,586,589,593,592,582
1464571481289225163,957,2023-11-20,2023,587,590,594,593,583
1568515208027322826,958,2023-11-20,2023,588,591,595,594,584
2416522553470464987,959,2023-11-20,2023,588,591,595,594,584
5181543413391984560,960,2023-11-20,2023,589,592,596,595,585
7057505429570195862,961,2023-11-20,2023,590,593,597,596,586
7757703943455744867,962,2023-11-20,2023,591,594,598,597,587
8538764160330774153,963,2023-11-20,2023,592,595,599,598,588
10542619027557059000,964,2023-11-20,2023,593,596,600,599,589
11245180783963612350,965,2023-11-20,2023,594,597,601,600,590
11387593245732893291,966,2023-11-20,2023,594,597,601,600,590
13173590668869803088,967,2023-11-20,2023,594,597,601,600,590
13177813178275909238,968,2023-11-20,2023,595,598,602,601,591
13636088859907883777,969,2023-11-20,2023,595,598,602,601,591
15005362223054787456,970,2023-11-20,2023,596,599,603,602,592
15462793938754099966,971,2023-11-20,2023,596,599,603,602,592
15531319191019690181,972,2023-11-20,2023,597,600,604,603,593
15574561936756455365,973,2023-11-20,2023,598,601,605,604,594
15720317472236739333,974,2023-11-20,2023,599,602,606,605,594
15878019068009936817,975,2023-11-20,2023,600,602,606,605,594
16984616260763282765,976,2023-11-20,2023,600,602,606,605,594
17319860152561052430,977,2023-11-20,2023,600,602,606,605,594
17855209813413712537,978,2023-11-20,2023,601,603,607,606,595
1603223266407973776,979,2023-11-21,2023,602,604,608,607,596
1650491634062651942,980,2023-11-21,2023,603,605,609,608,597
2602307547889713856,981,2023-11-21,2023,604,606,610,609,598
2990057233011565741,982,2023-11-21,2023,604,606,610,609,598
4796388321034889564,983,2023-11-21,2023,604,606,610,609,598
4846352751387019712,984,2023-11-21,2023,604,606,610,609,598
5027688544277633705,985,2023-11-21,2023,604,606,610,609,598
5276047364194839608,986,2023-11-21,2023,605,607,611,610,599
5732881975238595686,987,2023-11-21,2023,605,607,611,610,599
5786738033964263393,988,2023-11-21,2023,606,608,612,611,600
5793088970970628336,989,2023-11-21,2023,607,609,613,612,601
5839504071024150253,990,2023-11-21,2023,608,609,614,613,601
5899901877265151314,991,2023-11-21,2023,609,610,615,614,602
6309401530387346508,992,2023-11-21,2023,610,611,616,615,603
6618119204667748990,993,2023-11-21,2023,611,612,617,616,604
7694542992577601918,994,2023-11-21,2023,611,612,617,616,604
7809806131691989802,995,2023-11-21,2023,611,612,617,616,604
7841292574209220811,996,2023-11-21,2023,612,613,618,617,605
7908003550183801280,997,2023-11-21,2023,612,613,618,617,605
8505721663490060221,998,2023-11-21,2023,613,614,619,618,606
8509595188170384873,999,2023-11-21,2023,614,615,620,619,607
8944198079167965255,1000,2023-11-21,2023,615,616,621,620,608
9024072718743222715,1001,2023-11-21,2023,615,616,621,620,608
9130841205449590856,1002,2023-11-21,2023,616,617,622,621,609
9265273654640380789,1003,2023-11-21,2023,617,617,623,622,609
9532319482443647643,1004,2023-11-21,2023,618,618,624,623,610
9663467320130727185,1005,2023-11-21,2023,618,618,624,623,610
9757061980669711550,1006,2023-11-21,2023,619,618,625,624,611
9892163886253624164,1007,2023-11-21,2023,619,618,625,624,611
10321252253356466950,1008,2023-11-21,2023,619,618,625,624,611
10567349145619911519,1009,2023-11-21,2023,619,619,625,624,611
10994338009445208265,1010,2023-11-21,2023,620,620,626,625,612
11005411094839204951,1011,2023-11-21,2023,620,620,626,625,612
11452432174914534960,1012,2023-11-21,2023,621,621,627,626,613
11536785006935968090,1013,2023-11-21,2023,622,622,628,627,614
12087767899834579145,1014,2023-11-21,2023,622,622,628,627,614
12515925143245375198,1015,2023-11-21,2023,622,622,628,627,614
12865804325592926009,1016,2023-11-21,2023,622,622,628,627,615
13108144320350662752,1017,2023-11-21,2023,622,622,628,627,615
13178770839735557383,1018,2023-11-21,2023,622,622,628,627,616
13305567295457718186,1019,2023-11-21,2023,622,622,628,627,616
13467956124713143755,1020,2023-11-21,2023,622,622,628,627,616
13668248488868641273,1021,2023-11-21,2023,623,623,629,628,617
14046308205472404585,1022,2023-11-21,2023,623,624,630,629,618
14115440072047591968,1023,2023-11-21,2023,623,624,630,629,618
14677136813540593470,1024,2023-11-21,2023,623,624,630,629,618
15173949702169205005,1025,2023-11-21,2023,624,625,631,630,619
16158576016635634118,1026,2023-11-21,2023,625,626,632,631,620
16193521521496548408,1027,2023-11-21,2023,625,626,632,631,620
16352408707296352129,1028,2023-11-21,2023,626,627,633,632,621
16419730636254827625,1029,2023-11-21,2023,627,628,634,633,622
16495180492617826577,1030,2023-11-21,2023,628,629,635,634,623
16819922267900871015,1031,2023-11-21,2023,628,629,635,634,623
16884755457281459925,1032,2023-11-21,2023,628,629,635,634,623
17815915237213180152,1033,2023-11-21,2023,628,630,635,634,623
17837440429888722786,1034,2023-11-21,2023,629,631,636,635,624
17877955584169238169,1035,2023-11-21,2023,630,632,637,636,625
18222481497791415855,1036,2023-11-21,2023,630,632,637,636,625
5381868328784908023,1037,2023-11-23,2023,631,633,638,637,626
6207031515659926542,1038,2023-11-23,2023,631,633,638,637,626
4130231061053215463,1039,2023-11-24,2023,632,634,639,638,627
4949022573202005498,1040,2023-11-24,2023,633,635,640,639,628
13205464989691895794,1041,2023-11-27,2023,634,636,641,640,629
13347832461196536866,1042,2023-11-27,2023,635,637,641,640,630
15330889258481549345,1043,2023-11-27,2023,636,638,642,641,631
16719785434411203476,1044,2023-11-27,2023,637,639,643,642,631
1981918452189884698,1045,2023-11-28,2023,638,640,644,643,632
15184223672265602836,1046,2023-11-28,2023,639,641,645,644,633
6052988835104447497,1047,2023-11-30,2023,640,642,646,645,634
6777839962281396290,1048,2023-11-30,2023,641,643,647,646,635
10101586995101540486,1049,2023-11-30,2023,641,643,647,646,636
14704821302599724691,1050,2023-11-30,2023,642,644,648,647,637
11530983848794641331,1051,2023-12-01,2023,643,644,648,648,637
10271764006600538519,1052,2023-12-02,2023,643,644,648,648,637
9948527284889140773,1053,2023-12-16,2023,644,645,649,649,638
3819863335789931106,1054,2024-01-01,2024,645,646,650,650,639
9641221832431740507,1055,2024-01-01,2024,645,646,650,650,639
9915678601205758638,1056,2024-01-02,2024,646,647,650,651,639
11486073050237511576,1057,2024-01-04,2024,647,648,651,652,640
11968615671792208615,1058,2024-01-04,2024,648,649,652,653,641
541969035735115446,1059,2024-01-05,2024,649,650,653,654,642
9733121848459870371,1060,2024-01-05,2024,649,650,653,654,642
14370160454770893255,1061,2024-01-05,2024,650,651,654,655,643
14938395094546457441,1062,2024-01-05,2024,651,652,655,656,643
15084631526333137708,1063,2024-01-05,2024,651,652,655,656,643
1939214374043874197,1064,2024-01-06,2024,651,652,655,656,643
1972037161620870836,1065,2024-01-06,2024,652,653,656,657,644
5399820931430535179,1066,2024-01-06,2024,652,653,656,657,644
7282632281613453967,1067,2024-01-06,2024,652,653,656,657,644
10947670149884915951,1068,2024-01-06,2024,653,654,657,658,645
11154873990196560201,1069,2024-01-06,2024,654,655,658,659,646
13999760209701886343,1070,2024-01-06,2024,655,656,659,660,647
15552962998788436946,1071,2024-01-06,2024,656,657,660,661,648
7063874729760713971,1072,2024-01-07,2024,657,658,661,662,649
9347452717911798602,1073,2024-01-07,2024,658,659,662,663,650
2119769375640020443,1074,2024-01-08,2024,658,659,662,663,650
7898824800243028566,1075,2024-01-08,2024,658,659,662,663,650
10953425792797569405,1076,2024-01-08,2024,659,660,663,664,651
11038937664677508944,1077,2024-01-08,2024,659,660,663,664,651
13318526822374432693,1078,2024-01-08,2024,659,660,663,664,651
875946648044845638,1079,2024-01-09,2024,659,660,663,664,651
2643836357026579650,1080,2024-01-09,2024,660,661,664,665,652
3984952081647299696,1081,2024-01-09,2024,660,661,664,665,652
4142667034758704460,1082,2024-01-09,2024,661,662,665,666,653
5874820142486355811,1083,2024-01-09,2024,662,663,666,667,654
16318622481768443973,1084,2024-01-09,2024,662,663,666,667,654
16406110170721795403,1085,2024-01-09,2024,662,663,666,667,654
714307425370637376,1086,2024-01-10,2024,662,663,666,667,654
3330215908025719675,1087,2024-01-10,2024,663,664,667,668,655
10603968085925654222,1088,2024-01-10,2024,664,665,668,669,656
12379423764751004822,1089,2024-01-10,2024,665,666,669,670,657
17500258727571325540,1090,2024-01-10,2024,665,666,669,670,657
15435580353981458098,1091,2024-01-11,2024,666,667,670,671,658
3241192357121568572,1092,2024-01-12,2024,667,668,671,672,659
10086538235014594333,1093,2024-01-12,2024,668,669,672,673,660
13035552997295661053,1094,2024-01-12,2024,669,669,672,674,660
2044526620370729502,1095,2024-01-13,2024,669,669,672,674,660
3606951009209848303,1096,2024-01-13,2024,669,669,672,674,660
4918721737286817023,1097,2024-01-13,2024,669,669,672,674,660
11225294583452495520,1098,2024-01-13,2024,670,670,673,675,661
15990471073761922205,1099,2024-01-13,2024,671,671,674,676,662
2927370359823666794,1100,2024-01-14,2024,671,671,674,676,662
4464234192552159868,1101,2024-01-14,2024,671,671,674,676,662
7307425444542183375,1102,2024-01-14,2024,672,672,675,677,663
8615466536734151728,1103,2024-01-14,2024,672,672,675,677,663
8621365139212620900,1104,2024-01-14,2024,673,673,676,678,664
12128245286268060772,1105,2024-01-14,2024,674,674,677,679,665
2118148605437557470,1106,2024-01-15,2024,675,675,678,680,666
4751444869030399485,1107,2024-01-15,2024,676,676,679,681,667
6233069874386936083,1108,2024-01-15,2024,677,677,680,682,668
6401803562518539955,1109,2024-01-15,2024,678,678,681,683,669
9430079348936084166,1110,2024-01-15,2024,678,678,681,683,669
13339355654269025361,1111,2024-01-15,2024,678,678,681,683,669
8051141387870839764,1112,2024-01-16,2024,679,679,682,684,670
9060632056958203643,1113,2024-01-16,2024,680,680,683,685,671
10089417106235834409,1114,2024-01-16,2024,681,681,684,686,672
14370029348241761488,1115,2024-01-16,2024,682,682,685,687,673
17624385912646032686,1116,2024-01-16,2024,682,682,685,687,673
1587980249116005369,1117,2024-01-17,2024,683,683,686,688,674
10168692154352455451,1118,2024-01-17,2024,683,683,686,688,674
13501775944420417115,1119,2024-01-17,2024,684,684,687,689,675
17611720283408839589,1120,2024-01-17,2024,684,684,687,689,675
17616755387174416149,1121,2024-01-17,2024,684,684,687,689,676
3881016704797637240,1122,2024-01-18,2024,685,685,688,690,677
5503809101504627670,1123,2024-01-18,2024,686,686,689,691,678
5906114665812400827,1124,2024-01-18,2024,687,687,690,692,679
10187075211492623796,1125,2024-01-18,2024,687,687,690,692,680
15255941197650195516,1126,2024-01-18,2024,687,687,690,692,680
17053555585520053474,1127,2024-01-18,2024,687,687,690,692,680
6431165789921953752,1128,2024-01-19,2024,688,688,691,693,681
8420480660570802378,1129,2024-01-19,2024,689,689,692,694,682
9584863065329589477,1130,2024-01-19,2024,689,689,692,694,682
11432800751074428199,1131,2024-01-19,2024,689,689,692,694,682
12252914581278549971,1132,2024-01-19,2024,690,690,693,695,683
12387584130719402759,1133,2024-01-19,2024,691,691,694,696,684
18142690915467540488,1134,2024-01-19,2024,692,692,695,697,685
107926806110157847,1135,2024-01-20,2024,692,692,695,697,685
5245596396940525915,1136,2024-01-20,2024,693,692,696,698,686
13854227839516753886,1137,2024-01-20,2024,693,692,696,698,686
15260301090472395359,1138,2024-01-20,2024,694,693,697,699,687
16699736930575463064,1139,2024-01-20,2024,694,693,697,699,687
17519239688234871892,1140,2024-01-20,2024,694,693,697,699,687
6235607629595658892,1141,2024-01-21,2024,694,694,697,699,687
7147363006768782314,1142,2024-01-21,2024,695,695,698,700,688
14720621854780096201,1143,2024-01-21,2024,695,695,698,700,688
16377650148817497979,1144,2024-01-21,2024,695,695,698,700,688
17530614235805811018,1145,2024-01-21,2024,695,695,698,700,688
2352607690937720394,1146,2024-01-22,2024,696,696,699,701,689
3756408054179651507,1147,2024-01-22,2024,696,696,699,701,689
5159346975287117444,1148,2024-01-22,2024,696,696,699,701,689
9469240823023841302,1149,2024-01-22,2024,697,697,700,702,690
11613327093740931763,1150,2024-01-22,2024,697,697,700,702,690
11981167234218122500,1151,2024-01-22,2024,698,698,701,703,691
568106466526829732,1152,2024-01-23,2024,698,698,701,703,691
1074050838802258423,1153,2024-01-23,2024,698,698,701,703,691
1857012002530938317,1154,2024-01-23,2024,698,698,701,703,691
6154967495368183805,1155,2024-01-23,2024,699,699,702,704,692
6240401624523236135,1156,2024-01-23,2024,700,700,703,705,693
9618641406589891374,1157,2024-01-23,2024,701,701,704,706,694
10522195473771363537,1158,2024-01-23,2024,702,702,705,707,695
17837479115636980283,1159,2024-01-23,2024,703,703,706,708,696
904292225854511210,1160,2024-01-24,2024,703,703,706,708,696
1804405668559012851,1161,2024-01-24,2024,704,704,707,709,697
2109646054184325151,1162,2024-01-24,2024,705,705,708,710,698
13763256306000551736,1163,2024-01-24,2024,705,705,708,710,698
18114328722483990691,1164,2024-01-24,2024,705,705,708,710,698
18261124801255791605,1165,2024-01-24,2024,706,706,709,711,699
1398381103634722854,1166,2024-01-25,2024,706,706,709,711,699
7606629264060499076,1167,2024-01-25,2024,706,706,709,711,699
11618384395237788175,1168,2024-01-25,2024,706,706,709,711,699
16497945342848483438,1169,2024-01-25,2024,706,706,709,711,699
11142786419950792620,1170,2024-01-27,2024,707,707,710,712,700
17016578306512841602,1171,2024-01-27,2024,708,708,711,713,701
354696890069443313,1172,2024-01-28,2024,708,708,711,713,701
587937844414732824,1173,2024-01-28,2024,708,708,711,713,701
11689952737544711626,1174,2024-01-28,2024,708,708,711,713,701
18245242887150586998,1175,2024-01-28,2024,709,709,712,714,702
10427528072009288107,1176,2024-01-29,2024,710,710,713,715,703
11245937044022715410,1177,2024-01-29,2024,710,710,713,715,703
14721198545810722163,1178,2024-01-29,2024,710,710,713,715,703
17856246989081328713,1179,2024-01-29,2024,711,711,714,716,704
6201302204854157205,1180,2024-01-30,2024,711,711,714,716,704
10074712656438436401,1181,2024-01-30,2024,712,712,715,717,705
10769576112038533507,1182,2024-01-30,2024,713,713,716,718,706
17235784144277046873,1183,2024-01-30,2024,713,713,716,718,706
2151857584852888683,1184,2024-01-31,2024,714,714,717,719,707
15792301652444089892,1185,2024-01-31,2024,714,714,717,719,707
3973265097391464234,1186,2024-02-02,2024,714,714,717,719,707
10848106626560468868,1187,2024-02-02,2024,715,715,718,720,708
13141252089033084963,1188,2024-02-02,2024,716,716,719,721,709
16789123482635069033,1189,2024-02-02,2024,717,717,720,722,710
1397879162949760836,1190,2024-02-03,2024,718,718,721,723,711
3372443471705101672,1191,2024-02-03,2024,718,718,721,723,711
7362340754199403587,1192,2024-02-03,2024,718,718,721,723,711
11783376106903193490,1193,2024-02-03,2024,718,718,721,723,711
17589092303714353715,1194,2024-02-03,2024,719,719,722,724,712
12926589666416217223,1195,2024-02-06,2024,719,719,722,724,712
2723959819489233597,1196,2024-02-07,2024,719,719,722,724,713
3771744437170353948,1197,2024-02-07,2024,720,720,723,725,714
6249197726405292556,1198,2024-02-07,2024,720,720,723,725,714
2612734776559115889,1199,2024-02-10,2024,720,720,723,725,714
5530816940706975545,1200,2024-02-10,2024,721,721,724,726,715
8515752574082289449,1201,2024-02-11,2024,722,722,725,727,716
8475525950400531314,1202,2024-03-01,2024,722,722,726,728,716
13454018695255642477,1203,2024-03-03,2024,722,722,726,728,716
5517202742846105289,1204,2024-03-14,2024,723,723,727,729,717
4593068571927171966,1205,2024-03-18,2024,724,724,728,730,718
2318413434122368189,1206,2024-03-20,2024,724,724,728,730,718
7195475202350225966,1207,2024-03-20,2024,725,725,729,731,719
7530953403112891750,1208,2024-03-20,2024,726,726,730,732,720
16420710670169973242,1209,2024-03-20,2024,727,727,731,733,721
16885849595073941459,1210,2024-03-20,2024,728,728,732,734,722
870022701178299439,1211,2024-03-21,2024,729,729,733,735,723
1787878753346976561,1212,2024-03-21,2024,730,730,734,736,724
1838780316890303144,1213,2024-03-21,2024,731,731,735,737,725
1924702316239141736,1214,2024-03-21,2024,732,732,736,738,726
2303949678387259558,1215,2024-03-21,2024,733,733,737,739,727
2736589538624331102,1216,2024-03-21,2024,734,734,738,740,728
2815511338757544941,1217,2024-03-21,2024,735,735,739,741,729
3368722202081232066,1218,2024-03-21,2024,736,736,740,742,730
4272635682924892154,1219,2024-03-21,2024,736,736,740,742,730
4603715269166581990,1220,2024-03-21,2024,737,737,741,743,731
5262896608058136775,1221,2024-03-21,2024,737,737,741,743,731
5595320626392169349,1222,2024-03-21,2024,738,738,742,744,732
5616016478074558337,1223,2024-03-21,2024,739,739,743,745,732
6082943565248667201,1224,2024-03-21,2024,740,740,744,746,733
6440639528565403416,1225,2024-03-21,2024,741,741,745,747,734
8336120262288757806,1226,2024-03-21,2024,742,742,746,748,734
8883105663165763114,1227,2024-03-21,2024,743,743,747,749,735
9613496992221102827,1228,2024-03-21,2024,744,744,748,750,736
9641635771749265525,1229,2024-03-21,2024,745,745,749,751,737
10185450738790977271,1230,2024-03-21,2024,745,745,749,751,737
10595348043189122712,1231,2024-03-21,2024,746,746,750,752,738
10747032992469074832,1232,2024-03-21,2024,747,747,751,753,739
11214089629610491956,1233,2024-03-21,2024,747,747,751,753,739
11614082806219467752,1234,2024-03-21,2024,748,748,752,754,740
12244840882529507461,1235,2024-03-21,2024,749,749,753,755,741
12339917979254599938,1236,2024-03-21,2024,749,749,753,755,741
12349234810155622581,1237,2024-03-21,2024,749,749,753,755,741
12842958949791420833,1238,2024-03-21,2024,749,749,753,755,741
13392117025061022949,1239,2024-03-21,2024,750,750,754,756,742
13840745193076887780,1240,2024-03-21,2024,751,751,755,757,743
14856659073090178698,1241,2024-03-21,2024,752,752,756,758,744
15173948324526583958,1242,2024-03-21,2024,753,753,757,759,745
15731115518011150631,1243,2024-03-21,2024,753,753,757,759,745
15792836833754804775,1244,2024-03-21,2024,753,753,757,759,745
17662594255223227780,1245,2024-03-21,2024,754,754,758,760,746
17885426660533629073,1246,2024-03-21,2024,755,755,759,761,747
17980787752112166580,1247,2024-03-21,2024,755,755,759,761,747
18055326492581656350,1248,2024-03-21,2024,755,755,759,761,748
18056747788378615101,1249,2024-03-21,2024,756,756,760,762,749
674558810597870909,1250,2024-03-22,2024,756,756,760,762,750
1459228579264062247,1251,2024-03-22,2024,757,757,761,763,750
1866072844803592728,1252,2024-03-22,2024,758,758,762,764,751
2369739902293482514,1253,2024-03-22,2024,759,759,763,765,752
4502048787499878211,1254,2024-03-22,2024,760,760,764,766,753
5022254323946682646,1255,2024-03-22,2024,761,761,765,767,754
5668752289811535395,1256,2024-03-22,2024,762,762,766,768,755
7044892407231043753,1257,2024-03-22,2024,762,762,766,768,755
7572124019345468755,1258,2024-03-22,2024,762,762,766,768,755
8140322492719681723,1259,2024-03-22,2024,762,762,766,768,755
8494069359341094936,1260,2024-03-22,2024,763,763,767,769,756
8588456893521667467,1261,2024-03-22,2024,764,764,768,770,757
9489248981164671847,1262,2024-03-22,2024,764,764,768,770,757
9640422375160655585,1263,2024-03-22,2024,765,765,769,771,758
9907353278802189265,1264,2024-03-22,2024,766,766,770,772,759
9941943522025893150,1265,2024-03-22,2024,767,767,771,773,760
10764038653009589474,1266,2024-03-22,2024,768,768,772,774,761
10968283889622902041,1267,2024-03-22,2024,769,769,773,775,762
12344633392878742740,1268,2024-03-22,2024,769,769,773,775,762
13613423519964334962,1269,2024-03-22,2024,770,770,774,776,763
15999679320396306525,1270,2024-03-22,2024,771,771,775,777,764
16332280732328018236,1271,2024-03-22,2024,771,771,775,777,764
16571295016163171535,1272,2024-03-22,2024,772,772,776,778,765
16630857411297608316,1273,2024-03-22,2024,773,773,777,779,766
16767889979822929195,1274,2024-03-22,2024,774,774,778,780,767
17110075912248614636,1275,2024-03-22,2024,774,774,778,780,767
17355223179152247035,1276,2024-03-22,2024,774,774,778,780,767
17552034406051089047,1277,2024-03-22,2024,774,774,778,780,767
17586962377222689565,1278,2024-03-22,2024,774,774,778,780,767
17835461658291492576,1279,2024-03-22,2024,775,775,779,781,768
2909648950058194592,1280,2024-03-23,2024,775,776,780,782,768
3069277341510610436,1281,2024-03-23,2024,775,776,780,782,768
5275111611467576780,1282,2024-03-23,2024,775,776,780,782,768
6699564341513248270,1283,2024-03-23,2024,775,776,780,782,768
11300837729974715876,1284,2024-03-23,2024,775,776,780,782,768
11344929296521633492,1285,2024-03-23,2024,776,777,781,783,769
11859207306316816366,1286,2024-03-23,2024,777,778,782,784,770
12716811709126227105,1287,2024-03-23,2024,777,778,782,784,770
13272053670648809048,1288,2024-03-23,2024,778,779,783,785,771
16309012771250501668,1289,2024-03-23,2024,779,780,784,786,772
18012251327044623400,1290,2024-03-23,2024,779,780,784,786,772
2820017137003921886,1291,2024-03-24,2024,779,780,784,786,772
5358617311801633292,1292,2024-03-24,2024,780,781,785,787,773
6998561444150166451,1293,2024-03-24,2024,781,782,786,788,774
10273556861859389481,1294,2024-03-24,2024,781,782,786,788,774
10526749486629184496,1295,2024-03-24,2024,781,782,786,788,774
11453070307175986059,1296,2024-03-24,2024,782,783,787,789,775
14103139450408151363,1297,2024-03-24,2024,782,783,787,789,775
16366588082310119987,1298,2024-03-24,2024,783,784,788,790,776
1485666165066412292,1299,2024-03-25,2024,783,784,789,791,776
2122093882180836112,1300,2024-03-25,2024,783,784,789,791,776
4639875976423096257,1301,2024-03-25,2024,784,785,790,792,777
6158293731826143395,1302,2024-03-25,2024,785,786,791,793,777
6365167037597946824,1303,2024-03-25,2024,786,787,792,794,778
6610636541022337588,1304,2024-03-25,2024,786,787,792,794,778
10173278037388639352,1305,2024-03-25,2024,786,787,792,794,778
14924417057653728792,1306,2024-03-25,2024,787,788,793,795,779
15692496370267732052,1307,2024-03-25,2024,788,789,794,796,780
16260874056381343621,1308,2024-03-25,2024,789,790,795,797,781
16533195363281869588,1309,2024-03-25,2024,790,791,796,798,782
17739198202337987612,1310,2024-03-25,2024,790,792,797,798,783
109810751403610537,1311,2024-03-26,2024,790,792,797,798,783
194598378907607031,1312,2024-03-26,2024,791,793,798,799,784
451594614352933884,1313,2024-03-26,2024,792,794,799,800,785
985318404640842243,1314,2024-03-26,2024,793,795,800,801,786
1212012158836478425,1315,2024-03-26,2024,794,796,801,802,787
1453568807369392480,1316,2024-03-26,2024,795,796,802,803,788
1792162802700694664,1317,2024-03-26,2024,795,796,802,803,788
2014087070821452191,1318,2024-03-26,2024,795,796,802,803,788
2442406705778277743,1319,2024-03-26,2024,795,796,802,803,788
3033616285794713761,1320,2024-03-26,2024,796,797,803,804,789
3061094822458494085,1321,2024-03-26,2024,797,797,804,804,790
3184707436520922414,1322,2024-03-26,2024,798,798,805,805,791
4363671625120903183,1323,2024-03-26,2024,799,799,806,806,792
5035801212301047983,1324,2024-03-26,2024,799,799,806,806,792
5080444825055797394,1325,2024-03-26,2024,800,799,807,807,792
5228996978245380123,1326,2024-03-26,2024,801,800,808,808,793
5527665042219000034,1327,2024-03-26,2024,801,800,808,808,793
5637380670260868588,1328,2024-03-26,2024,801,800,808,808,793
6058105750255475816,1329,2024-03-26,2024,801,800,808,808,793
6425657231789683426,1330,2024-03-26,2024,802,801,809,809,794
6924684339476747877,1331,2024-03-26,2024,803,802,810,810,795
7043384639780281650,1332,2024-03-26,2024,804,803,811,811,796
7166886812860558366,1333,2024-03-26,2024,805,804,812,812,797
7648412153487853196,1334,2024-03-26,2024,805,804,812,812,797
7840843985519627893,1335,2024-03-26,2024,805,804,812,812,797
8237884034304551253,1336,2024-03-26,2024,806,805,813,813,798
8419660918787083675,1337,2024-03-26,2024,807,806,814,814,798
8900549572352467764,1338,2024-03-26,2024,808,807,815,815,799
9275861198282629135,1339,2024-03-26,2024,808,807,815,815,799
9281043447709795168,1340,2024-03-26,2024,808,807,815,815,799
10119526168491558068,1341,2024-03-26,2024,808,807,815,815,799
10791571337723997838,1342,2024-03-26,2024,808,807,815,815,799
10833865949141195289,1343,2024-03-26,2024,808,807,815,815,799
11449490324697415666,1344,2024-03-26,2024,809,808,816,816,800
11814124893114647702,1345,2024-03-26,2024,810,809,817,817,801
11902081370744790416,1346,2024-03-26,2024,811,810,818,818,802
12367165701554084656,1347,2024-03-26,2024,812,811,819,819,803
12398050041567053474,1348,2024-03-26,2024,813,812,820,820,804
12663733162774983455,1349,2024-03-26,2024,813,812,820,820,804
13257469536375688505,1350,2024-03-26,2024,814,813,821,821,805
13395384394371208161,1351,2024-03-26,2024,814,813,821,821,805
13697067931842808484,1352,2024-03-26,2024,814,813,821,821,805
14123019224257028320,1353,2024-03-26,2024,814,813,821,821,805
14815668621358502331,1354,2024-03-26,2024,814,813,821,821,805
15612926654031558561,1355,2024-03-26,2024,814,813,821,821,805
15735005191979508721,1356,2024-03-26,2024,815,814,822,822,806
15866657745765515907,1357,2024-03-26,2024,816,815,823,823,807
16003430041120313458,1358,2024-03-26,2024,817,816,824,824,808
16291566529066606980,1359,2024-03-26,2024,818,817,825,825,808
16605521673664473991,1360,2024-03-26,2024,819,818,826,826,809
16731349373022766809,1361,2024-03-26,2024,819,818,826,826,809
16733164289815181636,1362,2024-03-26,2024,820,819,827,827,810
17029855433388141934,1363,2024-03-26,2024,820,819,827,827,810
17712246452088917732,1364,2024-03-26,2024,820,819,827,827,810
17983365437024669861,1365,2024-03-26,2024,821,820,828,828,811
18420865955112689513,1366,2024-03-26,2024,821,820,828,828,812
2141846926705864919,1367,2024-04-06,2024,821,820,828,828,812
2817759920635551812,1368,2024-04-07,2024,822,821,828,829,813
710419543477613377,1369,2024-04-14,2024,823,822,829,830,814
17631347761102739727,1370,2024-04-16,2024,824,823,830,831,815
1659897864243721086,1371,2024-04-26,2024,824,823,830,831,815
12847398371726927863,1372,2024-04-26,2024,824,823,830,831,815
755045905064361731,1373,2024-05-21,2024,824,823,830,831,815
17404919820808675103,1374,2024-05-21,2024,825,824,831,832,816
10127067180111581124,1375,2024-05-31,2024,825,824,831,832,816
13401697549662861521,1376,2024-05-31,2024,826,825,832,833,817
1317306645788511596,1377,2024-06-01,2024,826,825,832,833,817
14993294421805177796,1378,2024-06-02,2024,826,825,832,833,817
354789244157936239,1379,2024-06-03,2024,827,826,833,834,818
594372311512921120,1380,2024-06-03,2024,827,826,833,834,818
3583072437159171480,1381,2024-06-03,2024,828,827,834,835,819
5860552656496798988,1382,2024-06-03,2024,829,828,835,836,820
12594540122566481193,1383,2024-06-03,2024,830,829,836,837,821
6438331852179213966,1384,2024-06-04,2024,830,829,836,837,821
8963250686751654730,1385,2024-06-04,2024,831,830,837,838,822
9490791036823182575,1386,2024-06-04,2024,832,831,838,839,823
11847832676528456736,1387,2024-06-04,2024,833,832,839,840,824
12324644910127767894,1388,2024-06-04,2024,833,832,839,840,824
16317062784952361382,1389,2024-06-04,2024,833,833,839,840,824
17768803288193314568,1390,2024-06-04,2024,834,834,840,841,825
872188169142348864,1391,2024-06-05,2024,834,834,840,841,825
1888586464051627128,1392,2024-06-05,2024,835,835,841,842,826
3020026661170442920,1393,2024-06-05,2024,835,835,841,842,826
3484940767799990048,1394,2024-06-05,2024,836,836,842,843,827
3775984114818763565,1395,2024-06-05,2024,837,837,843,844,828
5455841999327142230,1396,2024-06-05,2024,838,838,844,845,829
6902486470814155545,1397,2024-06-05,2024,839,839,845,846,830
7092066695293096616,1398,2024-06-05,2024,839,839,845,846,830
9166368072643655749,1399,2024-06-05,2024,840,840,846,847,831
10603887018026036175,1400,2024-06-05,2024,841,841,847,848,832
13565321119462154170,1401,2024-06-05,2024,842,842,848,849,833
14657102645620688850,1402,2024-06-05,2024,843,843,849,850,834
14962714841764184962,1403,2024-06-05,2024,844,844,850,851,835
16069818598479781287,1404,2024-06-05,2024,845,845,851,852,836
16127278682179469102,1405,2024-06-05,2024,846,846,852,853,837
16914136730439366977,1406,2024-06-05,2024,846,846,852,853,837
17082028686613560351,1407,2024-06-05,2024,847,847,853,854,838
18147793389832781533,1408,2024-06-05,2024,848,848,854,855,839
120558833640253684,1409,2024-06-06,2024,849,849,855,856,840
261986520453038650,1410,2024-06-06,2024,850,850,856,857,841
574393538622336915,1411,2024-06-06,2024,850,850,856,857,841
608134629771109173,1412,2024-06-06,2024,851,851,857,858,842
1725623909830363365,1413,2024-06-06,2024,851,851,857,858,842
1761870146371534950,1414,2024-06-06,2024,851,851,857,858,842
3067172236326271018,1415,2024-06-06,2024,852,852,858,859,843
3924788794739399581,1416,2024-06-06,2024,852,852,858,859,843
4823346391879178988,1417,2024-06-06,2024,853,853,859,860,844
5062472208485732322,1418,2024-06-06,2024,854,854,860,861,845
6179427284403582500,1419,2024-06-06,2024,855,855,861,862,846
6483016115641519926,1420,2024-06-06,2024,856,856,862,863,847
6763410751724778255,1421,2024-06-06,2024,856,856,862,863,847
6945501923094797639,1422,2024-06-06,2024,857,857,863,864,848
7427821618158970916,1423,2024-06-06,2024,858,858,864,865,849
7997093186055137824,1424,2024-06-06,2024,859,859,865,866,850
9020257575234999356,1425,2024-06-06,2024,860,860,866,867,851
9254711058374965443,1426,2024-06-06,2024,860,860,866,867,851
9472728381235218767,1427,2024-06-06,2024,860,860,866,867,851
9546586596532361513,1428,2024-06-06,2024,861,861,867,868,852
9641916040147224979,1429,2024-06-06,2024,862,862,868,869,853
10436256039749735541,1430,2024-06-06,2024,862,862,868,869,853
11391383122015810824,1431,2024-06-06,2024,862,862,868,869,853
11573468126753813200,1432,2024-06-06,2024,862,862,868,869,853
12225510458196809854,1433,2024-06-06,2024,862,862,868,869,853
13834041581889513947,1434,2024-06-06,2024,862,862,868,869,853
14206968756910011197,1435,2024-06-06,2024,863,863,869,870,854
14240304440026501545,1436,2024-06-06,2024,864,864,870,871,855
15268901845635304266,1437,2024-06-06,2024,864,864,870,871,855
15358165229140306915,1438,2024-06-06,2024,865,865,871,872,856
16077253246745095898,1439,2024-06-06,2024,866,866,872,873,857
16772278122689234506,1440,2024-06-06,2024,867,867,873,874,858
16852652770871195356,1441,2024-06-06,2024,867,867,873,874,858
17373842681974298433,1442,2024-06-06,2024,868,868,874,875,859
17679013452637357814,1443,2024-06-06,2024,869,869,875,876,860
1685284428609434047,1444,2024-06-07,2024,870,870,876,877,861
4152061122121974908,1445,2024-06-07,2024,870,871,877,878,862
4524754569954821820,1446,2024-06-07,2024,870,871,877,878,862
6382683803438631030,1447,2024-06-07,2024,870,871,877,878,862
6558743676075835847,1448,2024-06-07,2024,870,871,877,878,862
6658598534458279613,1449,2024-06-07,2024,870,871,877,878,862
6666486283790621750,1450,2024-06-07,2024,871,872,878,879,863
8157408927196343636,1451,2024-06-07,2024,871,872,878,879,863
10120560321774993371,1452,2024-06-07,2024,872,873,879,880,863
10333421973589285412,1453,2024-06-07,2024,873,874,880,881,864
11796581326839194249,1454,2024-06-07,2024,874,875,881,882,865
12480964698638623413,1455,2024-06-07,2024,875,876,882,883,866
13888817749133278582,1456,2024-06-07,2024,875,876,882,883,866
13966847275520277410,1457,2024-06-07,2024,876,877,883,884,867
14674949520588833951,1458,2024-06-07,2024,877,878,884,885,868
14689684286930666851,1459,2024-06-07,2024,878,879,885,886,869
15051299358568972490,1460,2024-06-07,2024,878,879,885,886,869
15217852360331976682,1461,2024-06-07,2024,879,880,886,887,870
16535279817940117710,1462,2024-06-07,2024,880,881,887,888,871
17626611695917688994,1463,2024-06-07,2024,881,882,888,889,872
46812723270768287,1464,2024-06-08,2024,882,883,889,890,873
623541479492389850,1465,2024-06-08,2024,883,884,890,891,874
1465436920527250683,1466,2024-06-08,2024,884,885,891,892,875
4768725638799110280,1467,2024-06-08,2024,885,886,892,893,876
7349190396157466925,1468,2024-06-08,2024,886,887,893,894,877
9857673819300668374,1469,2024-06-08,2024,886,887,893,894,877
10304980896359156805,1470,2024-06-08,2024,887,888,894,895,878
11438739375046040562,1471,2024-06-08,2024,888,889,895,896,879
11977846828260381256,1472,2024-06-08,2024,888,889,896,897,879
12933334474915095419,1473,2024-06-08,2024,889,890,897,898,880
13229739297265366443,1474,2024-06-08,2024,889,890,897,898,880
13271784468839881011,1475,2024-06-08,2024,890,891,898,899,881
14029189550344996420,1476,2024-06-08,2024,890,892,899,900,882
14249171274905374623,1477,2024-06-08,2024,890,893,899,900,883
14573552035790076263,1478,2024-06-08,2024,890,893,899,900,883
14828930602665572652,1479,2024-06-08,2024,891,894,900,901,884
14840693488850601441,1480,2024-06-08,2024,892,895,901,902,885
15942792342107171916,1481,2024-06-08,2024,893,896,901,902,886
16010459865567083397,1482,2024-06-08,2024,894,897,902,903,887
16483097251474823351,1483,2024-06-08,2024,894,897,902,903,887
16765715749012967203,1484,2024-06-08,2024,895,898,903,904,888
17607962497805596064,1485,2024-06-08,2024,896,899,904,905,889
148749298143233304,1486,2024-06-09,2024,897,900,905,906,890
169505153641880811,1487,2024-06-09,2024,897,900,905,906,890
387183375948523778,1488,2024-06-09,2024,898,901,906,907,891
559797169903840914,1489,2024-06-09,2024,899,902,907,908,892
5797536567433468221,1490,2024-06-09,2024,899,902,907,908,892
6573221374432475128,1491,2024-06-09,2024,900,903,908,909,893
9455920978328631569,1492,2024-06-09,2024,900,903,908,909,893
9676607837094680911,1493,2024-06-09,2024,901,904,909,910,894
10632361009125974283,1494,2024-06-09,2024,901,904,909,910,894
11158144989774748927,1495,2024-06-09,2024,902,905,910,911,895
13181280758652035024,1496,2024-06-09,2024,903,906,911,912,896
13372047074701214893,1497,2024-06-09,2024,904,907,912,913,897
13526125182313632210,1498,2024-06-09,2024,905,908,913,914,898
15902788776275034087,1499,2024-06-09,2024,906,909,914,915,899
15952677357621316931,1500,2024-06-09,2024,907,910,915,916,900
16547960268525692715,1501,2024-06-09,2024,908,911,916,917,901
1304817921255812667,1502,2024-06-10,2024,908,911,916,917,901
2741423268658466499,1503,2024-06-10,2024,908,911,916,917,901
3347907825147438806,1504,2024-06-10,2024,909,912,917,918,902
5538625779555945626,1505,2024-06-10,2024,910,913,918,919,903
9460448624259697627,1506,2024-06-10,2024,911,914,919,920,904
9556328376481920141,1507,2024-06-10,2024,912,915,920,921,905
11404030989990961079,1508,2024-06-10,2024,913,916,921,922,906
11946075223866078751,1509,2024-06-10,2024,914,917,922,923,907
16049001853572894468,1510,2024-06-10,2024,915,918,923,924,908
16685606990652469645,1511,2024-06-10,2024,915,918,923,924,908
17841920423765261816,1512,2024-06-10,2024,915,918,923,924,908
72041405056062113,1513,2024-06-11,2024,916,919,924,925,909
191331113561001258,1514,2024-06-11,2024,917,920,925,926,910
221600524351324808,1515,2024-06-11,2024,918,920,926,927,910
957136198201782030,1516,2024-06-11,2024,919,921,927,928,911
1952073775408235588,1517,2024-06-11,2024,919,921,927,928,911
2087039853796158950,1518,2024-06-11,2024,920,922,928,929,912
2393461880189987057,1519,2024-06-11,2024,920,923,928,929,912
2543629497844215251,1520,2024-06-11,2024,921,924,929,930,913
3517747941376672391,1521,2024-06-11,2024,922,925,930,931,914
5330281175037645967,1522,2024-06-11,2024,923,926,931,932,915
5628013940163617623,1523,2024-06-11,2024,924,927,932,933,916
5986857248201087879,1524,2024-06-11,2024,925,928,933,934,917
6461907438450988493,1525,2024-06-11,2024,926,929,934,935,918
6680337299669941562,1526,2024-06-11,2024,927,930,935,936,919
6740520702912868886,1527,2024-06-11,2024,928,931,936,937,920
7433475123031389039,1528,2024-06-11,2024,928,931,936,937,920
7471963502541025753,1529,2024-06-11,2024,928,931,936,937,920
8013061088139569620,1530,2024-06-11,2024,928,931,936,937,920
8860427427249780713,1531,2024-06-11,2024,928,932,937,938,920
8966375489687588811,1532,2024-06-11,2024,928,932,937,938,920
8997402986002410671,1533,2024-06-11,2024,929,933,938,939,921
9040738167136302931,1534,2024-06-11,2024,930,934,939,940,922
9049469572774359740,1535,2024-06-11,2024,930,934,939,940,922
9364865697294548807,1536,2024-06-11,2024,930,934,939,940,922
9492085119144564406,1537,2024-06-11,2024,931,935,940,941,922
10312395274746713521,1538,2024-06-11,2024,932,936,941,942,923
10527914447821258888,1539,2024-06-11,2024,933,937,942,943,924
11005210437600145402,1540,2024-06-11,2024,934,938,943,944,925
11260689852585306706,1541,2024-06-11,2024,935,939,944,945,926
11401079546451631186,1542,2024-06-11,2024,936,940,945,946,927
11590425088149656140,1543,2024-06-11,2024,937,941,946,947,928
11866850257113102709,1544,2024-06-11,2024,937,941,946,947,928
11872424769253084750,1545,2024-06-11,2024,938,942,947,948,929
12359220356640712302,1546,2024-06-11,2024,938,942,947,948,929
12450586406733686994,1547,2024-06-11,2024,938,942,947,948,929
13299831421926561389,1548,2024-06-11,2024,938,942,947,948,929
13314412044488286677,1549,2024-06-11,2024,939,943,948,949,930
14186080658198985730,1550,2024-06-11,2024,940,944,949,950,931
14199227386952457573,1551,2024-06-11,2024,941,945,950,951,932
14681460666345971572,1552,2024-06-11,2024,941,945,950,951,932
15787352734774804575,1553,2024-06-11,2024,941,945,950,951,932
15966800480919953759,1554,2024-06-11,2024,942,946,951,952,933
16235476769007428855,1555,2024-06-11,2024,942,946,951,952,933
16406822306372419531,1556,2024-06-11,2024,943,947,952,953,934
16903271311138669044,1557,2024-06-11,2024,944,948,953,954,935
17358399499027346506,1558,2024-06-11,2024,945,949,954,955,936
17646284953837908566,1559,2024-06-11,2024,946,950,955,956,937
17972013767795748763,1560,2024-06-11,2024,947,951,956,957,938
18249286045940513121,1561,2024-06-11,2024,948,952,957,958,939
2695012200978661978,1562,2024-06-12,2024,949,953,958,959,940
5778614166387264656,1563,2024-06-12,2024,949,953,958,959,940
1853297114607564307,1564,2024-06-14,2024,950,954,959,960,941
6737829640154981068,1565,2024-06-14,2024,951,955,960,961,942
10989412508141573874,1566,2024-06-14,2024,952,956,961,962,943
1785824771987641248,1567,2024-06-15,2024,953,957,962,963,944
6459172599827463068,1568,2024-06-15,2024,953,957,962,963,944
8111974415174835782,1569,2024-06-15,2024,954,957,963,964,945
11416369682112616156,1570,2024-06-15,2024,955,958,964,965,946
14244466073689878031,1571,2024-06-15,2024,956,958,964,965,946
5580337097709212521,1572,2024-06-16,2024,957,959,965,966,947
6186840243111690331,1573,2024-06-16,2024,958,960,966,967,948
10541494231449674575,1574,2024-06-16,2024,958,960,966,967,948
11656323765851648355,1575,2024-06-16,2024,959,961,967,968,949
11689497532322228345,1576,2024-06-16,2024,960,962,968,969,950
12117835588573790555,1577,2024-06-16,2024,960,962,968,969,950
17730103823875089255,1578,2024-06-16,2024,961,963,969,970,951
3247753711247185892,1579,2024-06-17,2024,962,964,970,971,952
3912328565876488795,1580,2024-06-17,2024,962,964,970,971,952
12239677682432031150,1581,2024-06-17,2024,962,964,970,971,952
7792924685957834142,1582,2024-06-18,2024,963,965,971,972,952
9907558195401025619,1583,2024-06-18,2024,964,966,972,973,953
17297329804610161465,1584,2024-06-18,2024,965,967,973,974,953
2150277825324494690,1585,2024-06-19,2024,965,967,973,974,953
9745060317360330189,1586,2024-06-19,2024,966,968,974,975,954
11644708906455231284,1587,2024-06-19,2024,966,968,974,975,954
12763363343358969584,1588,2024-06-19,2024,966,968,974,975,955
13868257658114738092,1589,2024-06-19,2024,967,969,975,976,956
1850735069375849859,1590,2024-06-20,2024,967,969,975,976,956
5100146444196491756,1591,2024-06-20,2024,968,970,976,977,957
11100607108495265369,1592,2024-06-20,2024,969,971,977,978,958
15480583307210388546,1593,2024-06-20,2024,969,971,977,978,958
10064270801065463291,1594,2024-06-21,2024,970,972,978,979,959
14849581811533362755,1595,2024-06-21,2024,971,973,979,980,960
15281252041780862614,1596,2024-06-21,2024,971,973,979,980,961
16627878690474353701,1597,2024-06-21,2024,971,973,979,980,961
16815839577563295506,1598,2024-06-21,2024,972,974,980,981,962
578842304244289644,1599,2024-06-22,2024,972,974,980,981,962
5834193174945157194,1600,2024-06-22,2024,973,975,981,982,963
6092713454926068359,1601,2024-06-22,2024,974,976,982,983,964
8097935991229750493,1602,2024-06-22,2024,975,977,983,984,965
8492737126467256614,1603,2024-06-22,2024,976,978,984,985,966
8886547361116850444,1604,2024-06-22,2024,976,978,984,985,966
11506910761281354896,1605,2024-06-22,2024,977,979,985,986,967
3697214101954028440,1606,2024-06-23,2024,978,980,986,987,968
4718606676348990011,1607,2024-06-23,2024,979,981,987,988,969
14877023163545825033,1608,2024-06-23,2024,979,981,987,988,969
16208118901689658704,1609,2024-06-23,2024,980,982,988,989,970
11801063387349838738,1610,2024-06-24,2024,981,983,989,990,971
13730866312612633943,1611,2024-06-24,2024,981,983,989,990,971
16132202239229517180,1612,2024-06-24,2024,981,983,989,990,971
17008503371569341195,1613,2024-06-24,2024,982,984,990,991,972
1501660165113570558,1614,2024-06-25,2024,982,984,990,991,972
4358585804446649588,1615,2024-06-25,2024,982,984,990,991,972
4661849444063878295,1616,2024-06-25,2024,982,984,990,991,972
5023385717930564284,1617,2024-06-25,2024,982,984,990,991,972
10996138606197823223,1618,2024-06-25,2024,982,984,990,991,972
14420802951699725970,1619,2024-06-25,2024,983,985,991,992,973
2059038389119352329,1620,2024-06-26,2024,983,985,991,992,973
2359698741441252689,1621,2024-06-26,2024,983,985,991,992,973
5768541415215816952,1622,2024-06-26,2024,983,985,991,992,973
10816515729876041054,1623,2024-06-26,2024,983,985,991,992,973
12729402454880940458,1624,2024-06-26,2024,983,985,991,992,973
15893259263795127366,1625,2024-06-26,2024,984,986,992,993,974
596872052659063603,1626,2024-06-27,2024,985,987,993,994,975
1369646153612365821,1627,2024-06-27,2024,985,987,993,994,975
2298974644030105646,1628,2024-06-27,2024,985,987,993,994,975
18376471297797483589,1629,2024-06-27,2024,986,988,994,995,976
15751679532056874802,1630,2024-06-28,2024,987,989,995,996,977
17851117378464339758,1631,2024-06-28,2024,988,990,996,997,978
631677074867797910,1632,2024-06-29,2024,988,990,996,997,979
6696323770902986360,1633,2024-06-29,2024,988,990,996,997,979
13765335731679604496,1634,2024-06-29,2024,989,991,997,998,980
18011638612618022985,1635,2024-06-29,2024,990,992,998,999,981
2137697645136045081,1636,2024-06-30,2024,990,992,998,999,981
2937896292111664385,1637,2024-06-30,2024,991,993,999,1000,982
4636607406805581588,1638,2024-06-30,2024,992,994,1000,1001,983
8459445577044465764,1639,2024-06-30,2024,993,995,1001,1002,984
12610086787361647204,1640,2024-06-30,2024,993,995,1001,1002,984
13084337571648531266,1641,2024-06-30,2024,994,996,1002,1003,985
2184192475421142125,1642,2024-07-01,2024,994,996,1002,1003,985
6601629132564380770,1643,2024-07-01,2024,995,997,1003,1004,986
9640986474104288221,1644,2024-07-01,2024,996,998,1004,1005,987
17986244872630383972,1645,2024-07-01,2024,997,999,1005,1006,988
1405742278839043544,1646,2024-07-02,2024,997,999,1005,1006,988
1838580119148578902,1647,2024-07-02,2024,997,999,1006,1006,989
8594882240618383672,1648,2024-07-02,2024,998,1000,1007,1007,990
17669336770741327071,1649,2024-07-02,2024,998,1000,1007,1007,991
12158510350400874562,1650,2024-07-04,2024,998,1000,1007,1007,991
306933724217840032,1651,2024-07-05,2024,998,1000,1007,1007,991
1817213339088537838,1652,2024-07-05,2024,998,1001,1007,1007,991
9318853177524982639,1653,2024-07-05,2024,998,1001,1007,1007,992
11789502660243896948,1654,2024-07-06,2024,998,1001,1007,1007,992
13262645935614521947,1655,2024-07-06,2024,999,1002,1008,1008,993
15217785853985361125,1656,2024-07-06,2024,999,1002,1008,1008,993
16013841901854647639,1657,2024-07-06,2024,1000,1003,1009,1009,994
1081529765692195306,1658,2024-07-09,2024,1001,1003,1010,1010,995
3023016632279990694,1659,2024-07-09,2024,1002,1004,1011,1011,996
3314309765014607611,1660,2024-07-10,2024,1002,1005,1011,1011,997
6607123855768665845,1661,2024-07-10,2024,1003,1006,1011,1011,997
15914847500172677316,1662,2024-07-13,2024,1003,1006,1011,1011,997
10710148995626017881,1663,2024-07-14,2024,1004,1006,1012,1012,998
12675010397734230172,1664,2024-07-14,2024,1005,1006,1013,1013,999
9449507279491735410,1665,2024-07-27,2024,1005,1006,1013,1013,999
17237295975832640294,1666,2024-07-27,2024,1005,1006,1013,1013,999
3171651845253772382,1667,2024-08-29,2024,1006,1007,1014,1014,1000
12017059774318103420,1668,2024-09-01,2024,1006,1007,1014,1014,1000
159729729817970539,1669,2024-09-02,2024,1007,1008,1015,1015,1001
9995021252334289877,1670,2024-09-02,2024,1007,1008,1015,1015,1001
412088792129926835,1671,2024-09-03,2024,1007,1008,1015,1015,1001
865370366630501811,1672,2024-09-04,2024,1008,1009,1016,1016,1002
3218077957365458100,1673,2024-09-04,2024,1008,1009,1016,1016,1002
3909611137198633267,1674,2024-09-04,2024,1008,1009,1016,1016,1002
6158781567773823067,1675,2024-09-04,2024,1009,1010,1017,1017,1003
8322433259882526346,1676,2024-09-04,2024,1009,1010,1017,1017,1003
11195914728348595046,1677,2024-09-04,2024,1010,1011,1018,1018,1004
16642147523216274269,1678,2024-09-04,2024,1010,1011,1018,1018,1004
17998688835507298100,1679,2024-09-04,2024,1010,1011,1018,1018,1004
18113224693497439975,1680,2024-09-04,2024,1010,1011,1018,1018,1004
18163152276287799470,1681,2024-09-04,2024,1011,1012,1019,1019,1005
284372328577419243,1682,2024-09-05,2024,1012,1013,1020,1020,1006
478398815202015626,1683,2024-09-05,2024,1012,1013,1020,1020,1006
714141115533109198,1684,2024-09-05,2024,1013,1014,1021,1020,1007
783871502366424661,1685,2024-09-05,2024,1013,1014,1021,1020,1008
2260407467976439565,1686,2024-09-05,2024,1013,1014,1021,1020,1008
2452545809570717856,1687,2024-09-05,2024,1013,1014,1021,1020,1008
3415502746794291627,1688,2024-09-05,2024,1014,1015,1022,1021,1009
5253763227657197402,1689,2024-09-05,2024,1015,1016,1023,1022,1010
5822706488242076104,1690,2024-09-05,2024,1015,1016,1023,1022,1010
6193563265864973594,1691,2024-09-05,2024,1015,1016,1023,1022,1010
7615142135413661462,1692,2024-09-05,2024,1016,1017,1024,1023,1011
8080476937414745460,1693,2024-09-05,2024,1017,1018,1025,1024,1012
8750141152057902309,1694,2024-09-05,2024,1017,1018,1025,1024,1012
8802734907703638329,1695,2024-09-05,2024,1017,1019,1026,1024,1012
9143216348781544149,1696,2024-09-05,2024,1017,1019,1026,1024,1012
10466553829262598496,1697,2024-09-05,2024,1017,1019,1026,1024,1012
10968352966640600245,1698,2024-09-05,2024,1017,1019,1026,1024,1012
12339709907429017347,1699,2024-09-05,2024,1018,1020,1027,1025,1013
12734652258214058474,1700,2024-09-05,2024,1018,1020,1027,1025,1013
13063148204138198506,1701,2024-09-05,2024,1019,1021,1028,1026,1014
13063276504128482277,1702,2024-09-05,2024,1020,1022,1029,1027,1015
13331891278312712549,1703,2024-09-05,2024,1021,1023,1030,1028,1015
13490793992398557925,1704,2024-09-05,2024,1021,1023,1030,1028,1015
13898525466315079757,1705,2024-09-05,2024,1022,1024,1031,1029,1016
14272142664756256232,1706,2024-09-05,2024,1023,1025,1032,1030,1017
14469342977105141344,1707,2024-09-05,2024,1024,1026,1033,1031,1018
14594305112941760076,1708,2024-09-05,2024,1025,1027,1034,1032,1019
14825321340851351251,1709,2024-09-05,2024,1026,1028,1035,1033,1020
14854445033348964608,1710,2024-09-05,2024,1027,1029,1036,1034,1021
14936069049832685723,1711,2024-09-05,2024,1028,1030,1037,1035,1022
15024300697222081558,1712,2024-09-05,2024,1029,1031,1038,1036,1023
15162080444419916965,1713,2024-09-05,2024,1029,1031,1038,1036,1024
15928221848516612925,1714,2024-09-05,2024,1030,1032,1039,1037,1025
16877565035331635176,1715,2024-09-05,2024,1031,1033,1040,1038,1026
17582527015479304340,1716,2024-09-05,2024,1031,1033,1040,1038,1026
17725262392896481829,1717,2024-09-05,2024,1031,1033,1040,1038,1026
18278215468266236280,1718,2024-09-05,2024,1031,1033,1040,1038,1026
63701874998771875,1719,2024-09-06,2024,1032,1034,1041,1039,1027
212459579881065301,1720,2024-09-06,2024,1032,1034,1041,1039,1027
1281709052947601098,1721,2024-09-06,2024,1033,1035,1042,1040,1028
1419836871524347961,1722,2024-09-06,2024,1033,1035,1042,1040,1028
1464404763358429586,1723,2024-09-06,2024,1034,1036,1043,1041,1029
1767355323710914749,1724,2024-09-06,2024,1034,1036,1043,1041,1029
1940759824488412135,1725,2024-09-06,2024,1034,1036,1043,1041,1029
2147841639982664049,1726,2024-09-06,2024,1035,1037,1044,1042,1030
2647117064739234558,1727,2024-09-06,2024,1035,1037,1044,1042,1030
3527901895508201661,1728,2024-09-06,2024,1036,1038,1045,1043,1031
3726325717439933283,1729,2024-09-06,2024,1036,1038,1045,1043,1031
4100694839662167371,1730,2024-09-06,2024,1037,1039,1046,1044,1032
4648669497779277143,1731,2024-09-06,2024,1038,1040,1047,1045,1033
5256834681315793463,1732,2024-09-06,2024,1038,1040,1047,1045,1033
6213198978485398337,1733,2024-09-06,2024,1039,1041,1048,1046,1034
6640824306585095761,1734,2024-09-06,2024,1040,1042,1049,1047,1035
7272068552068664008,1735,2024-09-06,2024,1040,1042,1049,1047,1035
7521506288815695655,1736,2024-09-06,2024,1040,1042,1050,1048,1035
9224708673362675593,1737,2024-09-06,2024,1040,1042,1050,1048,1035
9335623371241703196,1738,2024-09-06,2024,1040,1042,1050,1048,1035
11258769817907131395,1739,2024-09-06,2024,1041,1043,1051,1049,1036
11575296873238466165,1740,2024-09-06,2024,1042,1044,1052,1050,1037
11870766247191133643,1741,2024-09-06,2024,1042,1044,1052,1050,1037
12863324051322750506,1742,2024-09-06,2024,1042,1044,1052,1050,1037
12877051873867541965,1743,2024-09-06,2024,1043,1045,1053,1051,1038
13382872602698379998,1744,2024-09-06,2024,1043,1045,1053,1051,1038
14163829777088626994,1745,2024-09-06,2024,1043,1045,1053,1051,1038
14336936217944304015,1746,2024-09-06,2024,1043,1045,1053,1051,1039
14624628369837232677,1747,2024-09-06,2024,1043,1045,1053,1051,1039
16080084360054763938,1748,2024-09-06,2024,1043,1045,1053,1051,1040
16793310115152533622,1749,2024-09-06,2024,1044,1046,1054,1052,1041
17533379331385804639,1750,2024-09-06,2024,1045,1047,1055,1053,1042
690993362903052314,1751,2024-09-07,2024,1045,1047,1055,1053,1042
1443321473890055795,1752,2024-09-07,2024,1046,1048,1056,1054,1042
2854783682466093507,1753,2024-09-07,2024,1047,1049,1057,1055,1043
2903264965489099279,1754,2024-09-07,2024,1047,1049,1057,1055,1043
3968239507452162577,1755,2024-09-07,2024,1048,1050,1058,1056,1044
5891475185924353282,1756,2024-09-07,2024,1048,1050,1058,1056,1044
6814626468886824038,1757,2024-09-07,2024,1049,1051,1059,1057,1045
7051061230112664008,1758,2024-09-07,2024,1050,1052,1060,1058,1045
9759175787582666005,1759,2024-09-07,2024,1051,1053,1061,1059,1046
10091605849304301558,1760,2024-09-07,2024,1052,1054,1062,1060,1047
10428741018768989987,1761,2024-09-07,2024,1053,1055,1063,1061,1048
12146907632478720931,1762,2024-09-07,2024,1054,1056,1064,1062,1049
12834446306010996627,1763,2024-09-07,2024,1055,1057,1065,1063,1050
12870196279123874405,1764,2024-09-07,2024,1056,1058,1066,1064,1051
12956595257610457311,1765,2024-09-07,2024,1057,1059,1067,1065,1052
16250531537801576378,1766,2024-09-07,2024,1058,1060,1068,1066,1053
16415894125362815701,1767,2024-09-07,2024,1058,1060,1068,1066,1053
18049950238991383273,1768,2024-09-07,2024,1058,1061,1069,1067,1053
18286345302951154911,1769,2024-09-07,2024,1059,1062,1070,1068,1054
659370915396102675,1770,2024-09-08,2024,1060,1063,1071,1069,1055
2132819736197216631,1771,2024-09-08,2024,1061,1064,1072,1070,1056
2203516254508846617,1772,2024-09-08,2024,1061,1064,1072,1070,1056
2371120582778334289,1773,2024-09-08,2024,1062,1065,1073,1071,1057
4102802272152977198,1774,2024-09-08,2024,1063,1066,1074,1072,1058
6775908887245654677,1775,2024-09-08,2024,1064,1067,1075,1073,1059
7814240169890726191,1776,2024-09-08,2024,1065,1068,1076,1074,1060
8738129954092649989,1777,2024-09-08,2024,1065,1068,1076,1074,1060
9049566128213085298,1778,2024-09-08,2024,1065,1069,1077,1075,1061
9374206412911154568,1779,2024-09-08,2024,1066,1070,1078,1076,1062
12160652765385552557,1780,2024-09-08,2024,1066,1070,1078,1076,1062
12315904860618695176,1781,2024-09-08,2024,1067,1071,1079,1077,1063
12465107769121704781,1782,2024-09-08,2024,1068,1072,1080,1078,1064
12991483744689483869,1783,2024-09-08,2024,1069,1073,1081,1079,1065
15597797849135263170,1784,2024-09-08,2024,1069,1073,1081,1079,1065
562394770933655758,1785,2024-09-09,2024,1070,1074,1082,1080,1066
1105836649285745888,1786,2024-09-09,2024,1071,1075,1083,1081,1067
3162355127956062450,1787,2024-09-09,2024,1072,1076,1084,1082,1068
3741505434230512542,1788,2024-09-09,2024,1073,1077,1085,1083,1069
5328760934321577583,1789,2024-09-09,2024,1074,1078,1086,1084,1070
8154750862939447816,1790,2024-09-09,2024,1075,1079,1087,1085,1071
9007121649607368681,1791,2024-09-09,2024,1076,1080,1088,1086,1072
9815573630686737901,1792,2024-09-09,2024,1076,1080,1088,1086,1072
9860046673712708926,1793,2024-09-09,2024,1077,1081,1089,1087,1073
10223402808974404244,1794,2024-09-09,2024,1078,1082,1090,1088,1074
10974147721567739599,1795,2024-09-09,2024,1079,1083,1091,1089,1075
11329288630945952745,1796,2024-09-09,2024,1079,1083,1091,1089,1075
11351393112738407841,1797,2024-09-09,2024,1079,1083,1091,1089,1075
11674431871749466709,1798,2024-09-09,2024,1080,1084,1092,1090,1076
12023585852021054430,1799,2024-09-09,2024,1081,1085,1093,1091,1076
12990614160499782827,1800,2024-09-09,2024,1082,1086,1094,1092,1077
13073352361411017221,1801,2024-09-09,2024,1083,1087,1095,1093,1078
13304834576985122185,1802,2024-09-09,2024,1084,1087,1096,1094,1079
13338577753882491714,1803,2024-09-09,2024,1085,1088,1097,1095,1080
15111542923240780221,1804,2024-09-09,2024,1085,1088,1097,1095,1080
16875607427219004785,1805,2024-09-09,2024,1086,1089,1098,1096,1081
16962044358294524619,1806,2024-09-09,2024,1086,1089,1098,1096,1081
17868339804117264170,1807,2024-09-09,2024,1087,1090,1099,1097,1081
18109315502025169912,1808,2024-09-09,2024,1087,1090,1099,1097,1081
18426485777697143334,1809,2024-09-09,2024,1087,1090,1099,1097,1081
54787517714082265,1810,2024-09-10,2024,1088,1091,1100,1098,1082
181602605533203443,1811,2024-09-10,2024,1089,1092,1101,1099,1083
294289861557193842,1812,2024-09-10,2024,1089,1092,1101,1099,1083
728401610460473248,1813,2024-09-10,2024,1090,1093,1102,1100,1084
1325941008896562106,1814,2024-09-10,2024,1091,1094,1103,1101,1085
1491680196062252235,1815,2024-09-10,2024,1091,1094,1103,1101,1085
1974450287778141945,1816,2024-09-10,2024,1092,1095,1104,1102,1086
3157860604132096624,1817,2024-09-10,2024,1092,1095,1104,1102,1086
3600930756813480781,1818,2024-09-10,2024,1092,1095,1105,1103,1086
3825761247053114500,1819,2024-09-10,2024,1093,1096,1106,1104,1087
3927138385041900131,1820,2024-09-10,2024,1093,1096,1106,1104,1087
3948216153771851880,1821,2024-09-10,2024,1093,1096,1106,1104,1087
3998584840628805095,1822,2024-09-10,2024,1093,1096,1106,1104,1087
4239280800963349825,1823,2024-09-10,2024,1094,1097,1107,1105,1088
4352080395179120307,1824,2024-09-10,2024,1095,1098,1108,1106,1089
4397758800323248096,1825,2024-09-10,2024,1095,1098,1108,1106,1089
5648226332371803867,1826,2024-09-10,2024,1096,1099,1109,1107,1090
6081347031047225429,1827,2024-09-10,2024,1097,1100,1110,1108,1091
6483176930233000992,1828,2024-09-10,2024,1097,1100,1110,1108,1091
8333345928576715127,1829,2024-09-10,2024,1097,1100,1110,1108,1091
8678423313098697593,1830,2024-09-10,2024,1098,1101,1111,1109,1092
8871169003062653482,1831,2024-09-10,2024,1098,1101,1111,1109,1092
9107588752502924321,1832,2024-09-10,2024,1098,1101,1111,1109,1092
9230975041401762389,1833,2024-09-10,2024,1099,1102,1112,1110,1093
9973090329257410027,1834,2024-09-10,2024,1099,1102,1112,1110,1093
11068332987979109712,1835,2024-09-10,2024,1099,1102,1112,1110,1093
11332697651798489945,1836,2024-09-10,2024,1099,1102,1113,1111,1093
11381176515668108642,1837,2024-09-10,2024,1100,1103,1114,1112,1094
11833782050815631334,1838,2024-09-10,2024,1101,1104,1115,1113,1095
12033038101217845156,1839,2024-09-10,2024,1101,1104,1115,1113,1095
12136281105915083999,1840,2024-09-10,2024,1101,1104,1115,1113,1096
12925752633941427895,1841,2024-09-10,2024,1101,1104,1115,1113,1096
13199831541662984078,1842,2024-09-10,2024,1102,1105,1116,1114,1097
13234437120032791698,1843,2024-09-10,2024,1103,1106,1117,1115,1098
13401096931140786857,1844,2024-09-10,2024,1104,1107,1118,1116,1099
13601046192658205788,1845,2024-09-10,2024,1105,1108,1119,1117,1100
13614053415906153805,1846,2024-09-10,2024,1105,1108,1119,1117,1100
14338294941901901075,1847,2024-09-10,2024,1106,1109,1120,1118,1101
14434940297067049213,1848,2024-09-10,2024,1106,1109,1120,1118,1101
14625206122959473716,1849,2024-09-10,2024,1107,1110,1121,1119,1102
14639845798843798019,1850,2024-09-10,2024,1108,1111,1122,1120,1103
14756079422759707037,1851,2024-09-10,2024,1108,1112,1123,1121,1103
15669668411789443436,1852,2024-09-10,2024,1109,1113,1124,1122,1104
15850827633592690782,1853,2024-09-10,2024,1110,1114,1125,1123,1105
15909148311139138205,1854,2024-09-10,2024,1110,1114,1125,1123,1105
15949345468277900081,1855,2024-09-10,2024,1110,1114,1125,1123,1105
16121380519256365072,1856,2024-09-10,2024,1110,1114,1125,1123,1105
16585018472918221599,1857,2024-09-10,2024,1111,1115,1126,1124,1106
16782992427313392903,1858,2024-09-10,2024,1111,1115,1126,1124,1106
17724845744958606119,1859,2024-09-10,2024,1112,1115,1127,1125,1107
17967246014503267099,1860,2024-09-10,2024,1112,1115,1127,1125,1107
18166954933260568798,1861,2024-09-10,2024,1113,1116,1128,1126,1107
18338842307912811436,1862,2024-09-10,2024,1114,1117,1129,1127,1107
1968576816951999281,1863,2024-10-08,2024,1114,1117,1129,1127,1107
2987405173175828123,1864,2024-10-09,2024,1115,1118,1130,1128,1108
9241698464086201754,1865,2024-10-09,2024,1116,1119,1131,1129,1109
15570764328237143781,1866,2024-10-09,2024,1117,1120,1132,1130,1110
693841517546264031,1867,2024-10-10,2024,1118,1121,1133,1131,1111
763199837960532859,1868,2024-10-10,2024,1119,1122,1134,1132,1112
1385411005813175862,1869,2024-10-10,2024,1120,1123,1135,1133,1113
3541321845690276398,1870,2024-10-10,2024,1120,1123,1135,1133,1113
3869164286808597917,1871,2024-10-10,2024,1121,1124,1136,1134,1113
3942308726459293289,1872,2024-10-10,2024,1121,1124,1136,1134,1113
4311317815476236518,1873,2024-10-10,2024,1122,1125,1137,1135,1114
5160490852958331610,1874,2024-10-10,2024,1123,1125,1137,1135,1114
5821072332206154432,1875,2024-10-10,2024,1124,1126,1138,1136,1115
5933588080202026070,1876,2024-10-10,2024,1124,1126,1138,1136,1115
6127111945398376010,1877,2024-10-10,2024,1124,1126,1138,1136,1115
6204189861479319235,1878,2024-10-10,2024,1124,1126,1138,1136,1115
6272827464257735017,1879,2024-10-10,2024,1124,1126,1138,1136,1115
6383294924409164126,1880,2024-10-10,2024,1124,1126,1138,1136,1115
6716916623788702597,1881,2024-10-10,2024,1125,1127,1139,1137,1116
7126616943203272748,1882,2024-10-10,2024,1125,1127,1139,1137,1116
8263568637066554747,1883,2024-10-10,2024,1126,1128,1140,1138,1117
8335952298730745080,1884,2024-10-10,2024,1127,1129,1141,1139,1118
8510416385261669898,1885,2024-10-10,2024,1128,1130,1142,1140,1119
8721243280637037520,1886,2024-10-10,2024,1129,1131,1143,1141,1120
8856927339122135520,1887,2024-10-10,2024,1129,1131,1143,1141,1120
9029739010112005164,1888,2024-10-10,2024,1130,1132,1143,1141,1120
9298345011393429258,1889,2024-10-10,2024,1131,1133,1144,1142,1121
9818673234723416801,1890,2024-10-10,2024,1131,1133,1144,1142,1121
9880919062628760130,1891,2024-10-10,2024,1132,1134,1145,1143,1122
10236380664155579075,1892,2024-10-10,2024,1133,1135,1146,1144,1123
10992651622906216258,1893,2024-10-10,2024,1133,1135,1146,1144,1123
11319275988978951605,1894,2024-10-10,2024,1133,1135,1146,1144,1123
11995361508122886672,1895,2024-10-10,2024,1134,1136,1147,1145,1124
13345225936039580233,1896,2024-10-10,2024,1135,1137,1148,1146,1125
13956693884771946144,1897,2024-10-10,2024,1135,1137,1148,1146,1125
15338215132320738144,1898,2024-10-10,2024,1135,1137,1148,1146,1125
16012356975451440836,1899,2024-10-10,2024,1136,1138,1149,1147,1126
16366979321073132470,1900,2024-10-10,2024,1136,1138,1149,1147,1126
16711006733049926841,1901,2024-10-10,2024,1137,1138,1149,1147,1126
16806263613629185541,1902,2024-10-10,2024,1137,1138,1149,1147,1126
17381805640250250992,1903,2024-10-10,2024,1138,1139,1150,1148,1127
17488760381324154345,1904,2024-10-10,2024,1139,1140,1151,1149,1128
165163516783150129,1905,2024-10-11,2024,1140,1141,1152,1150,1129
598609580624606249,1906,2024-10-11,2024,1141,1142,1153,1151,1130
918267842420134839,1907,2024-10-11,2024,1142,1143,1154,1152,1131
920140900004099780,1908,2024-10-11,2024,1142,1143,1154,1152,1131
3047571657052108294,1909,2024-10-11,2024,1142,1143,1154,1152,1131
3331704167233464285,1910,2024-10-11,2024,1143,1144,1155,1153,1132
4097427821577607751,1911,2024-10-11,2024,1144,1145,1156,1154,1133
4132992890267154281,1912,2024-10-11,2024,1145,1146,1157,1155,1134
4813133719446872739,1913,2024-10-11,2024,1146,1147,1158,1156,1135
5059064610212208631,1914,2024-10-11,2024,1147,1148,1159,1157,1136
5486332325821647511,1915,2024-10-11,2024,1148,1149,1160,1158,1137
6035107354735820762,1916,2024-10-11,2024,1149,1150,1161,1159,1138
6978863016825523344,1917,2024-10-11,2024,1150,1151,1162,1160,1139
7018112840016896211,1918,2024-10-11,2024,1151,1152,1163,1161,1140
7478222211041291572,1919,2024-10-11,2024,1152,1153,1164,1162,1141
7493268013141825932,1920,2024-10-11,2024,1152,1153,1164,1162,1141
7696717312845003252,1921,2024-10-11,2024,1152,1153,1164,1162,1141
7986222609502460255,1922,2024-10-11,2024,1153,1154,1165,1163,1142
8123009454477343703,1923,2024-10-11,2024,1154,1155,1166,1164,1143
8486240988137708322,1924,2024-10-11,2024,1154,1155,1166,1164,1143
8589958764239302191,1925,2024-10-11,2024,1155,1156,1167,1165,1144
8630757041882979519,1926,2024-10-11,2024,1155,1156,1167,1165,1144
9358828010534625612,1927,2024-10-11,2024,1155,1156,1167,1165,1144
9534304694492938714,1928,2024-10-11,2024,1155,1156,1167,1165,1144
10138386621593299998,1929,2024-10-11,2024,1155,1156,1167,1165,1144
10435555420408665643,1930,2024-10-11,2024,1156,1157,1168,1166,1145
10858914231390418457,1931,2024-10-11,2024,1157,1158,1169,1167,1146
11256109164212038750,1932,2024-10-11,2024,1157,1158,1169,1167,1146
11573984812806349958,1933,2024-10-11,2024,1157,1158,1169,1167,1146
13331680997203889379,1934,2024-10-11,2024,1157,1158,1169,1167,1146
14101823186784981116,1935,2024-10-11,2024,1158,1159,1170,1168,1147
14141501027828524304,1936,2024-10-11,2024,1159,1160,1171,1169,1148
15000721473725929563,1937,2024-10-11,2024,1159,1160,1171,1169,1148
15228541748966123441,1938,2024-10-11,2024,1160,1161,1172,1170,1149
17061596004677511269,1939,2024-10-11,2024,1161,1162,1173,1171,1150
17744914557982287361,1940,2024-10-11,2024,1162,1163,1174,1172,1151
162079257086490204,1941,2024-10-12,2024,1163,1164,1175,1173,1151
597910978418899863,1942,2024-10-12,2024,1164,1165,1176,1174,1152
1492629335153804767,1943,2024-10-12,2024,1165,1166,1177,1175,1153
2196669122473259249,1944,2024-10-12,2024,1166,1167,1178,1176,1154
5901778714357233736,1945,2024-10-12,2024,1166,1167,1178,1176,1154
6278249215312848631,1946,2024-10-12,2024,1167,1168,1179,1177,1155
6525906936108126055,1947,2024-10-12,2024,1167,1168,1179,1177,1155
7323439009014929651,1948,2024-10-12,2024,1168,1169,1180,1178,1156
10290812126647897229,1949,2024-10-12,2024,1169,1170,1181,1179,1157
11550491976246491936,1950,2024-10-12,2024,1170,1171,1182,1180,1158
12191604945656313600,1951,2024-10-12,2024,1171,1172,1183,1181,1159
12565580836124700643,1952,2024-10-12,2024,1172,1173,1184,1182,1160
15022739079480488778,1953,2024-10-12,2024,1172,1173,1184,1182,1160
16696356613482634751,1954,2024-10-12,2024,1173,1174,1185,1183,1161
16767394915163441509,1955,2024-10-12,2024,1174,1175,1186,1184,1162
16939787952718802836,1956,2024-10-12,2024,1175,1176,1187,1185,1163
18044347439676220260,1957,2024-10-12,2024,1176,1177,1188,1186,1164
18090650222355708616,1958,2024-10-12,2024,1177,1178,1189,1187,1164
31824010636892607,1959,2024-10-13,2024,1177,1178,1189,1187,1164
1003068637062175064,1960,2024-10-13,2024,1178,1179,1190,1188,1165
1397992849955162144,1961,2024-10-13,2024,1179,1179,1191,1189,1166
1806230011370777351,1962,2024-10-13,2024,1180,1180,1192,1190,1167
5483961156054479305,1963,2024-10-13,2024,1180,1180,1192,1190,1167
6789976974155995162,1964,2024-10-13,2024,1181,1181,1193,1191,1168
8153419029033945556,1965,2024-10-13,2024,1182,1182,1194,1192,1169
10241755576212917834,1966,2024-10-13,2024,1183,1183,1195,1193,1170
10857234295535852838,1967,2024-10-13,2024,1183,1183,1195,1193,1170
16987619125141005601,1968,2024-10-13,2024,1184,1184,1196,1194,1171
17386351701131848279,1969,2024-10-13,2024,1184,1184,1196,1194,1171
17650608802091046517,1970,2024-10-13,2024,1184,1184,1196,1194,1171
17931774601188095950,1971,2024-10-13,2024,1184,1184,1196,1194,1171
224265848497062000,1972,2024-10-14,2024,1184,1184,1196,1194,1171
1294588621694512879,1973,2024-10-14,2024,1184,1184,1196,1194,1172
2075253477853786011,1974,2024-10-14,2024,1184,1185,1197,1195,1173
2225873285923327311,1975,2024-10-14,2024,1185,1186,1198,1196,1174
2306667019372440044,1976,2024-10-14,2024,1186,1186,1199,1197,1175
2577819627461615852,1977,2024-10-14,2024,1187,1187,1200,1197,1176
4131855180112152806,1978,2024-10-14,2024,1188,1188,1201,1198,1177
6472951914593959461,1979,2024-10-14,2024,1188,1188,1201,1198,1177
8676829715863416610,1980,2024-10-14,2024,1189,1189,1202,1199,1178
8827026889423819637,1981,2024-10-14,2024,1190,1190,1203,1200,1179
9134664487669278804,1982,2024-10-14,2024,1191,1191,1204,1201,1180
9425782165469351656,1983,2024-10-14,2024,1192,1192,1205,1202,1181
9432033062468853747,1984,2024-10-14,2024,1192,1192,1205,1202,1181
9488375080541336184,1985,2024-10-14,2024,1193,1193,1206,1203,1182
10303577403957247112,1986,2024-10-14,2024,1194,1194,1207,1204,1183
10595466293478169765,1987,2024-10-14,2024,1194,1194,1207,1204,1183
12084157639845025375,1988,2024-10-14,2024,1194,1194,1207,1204,1183
12757136625409290346,1989,2024-10-14,2024,1195,1195,1208,1205,1184
13464386100267179805,1990,2024-10-14,2024,1196,1196,1209,1206,1185
13666434777931109185,1991,2024-10-14,2024,1197,1197,1210,1207,1186
14586980718350212869,1992,2024-10-14,2024,1198,1198,1211,1208,1187
15213044079037598938,1993,2024-10-14,2024,1199,1199,1212,1209,1188
15828532278017119010,1994,2024-10-14,2024,1200,1200,1213,1210,1189
16425864330852983460,1995,2024-10-14,2024,1201,1201,1214,1211,1190
16736506349287274531,1996,2024-10-14,2024,1202,1202,1215,1212,1191
18190680735200054561,1997,2024-10-14,2024,1203,1203,1216,1213,1192
199889881625467886,1998,2024-10-15,2024,1204,1204,1217,1214,1193
324810126619259268,1999,2024-10-15,2024,1205,1205,1218,1215,1194
1105452790550478827,2000,2024-10-15,2024,1206,1206,1219,1216,1195
1370772318907074699,2001,2024-10-15,2024,1206,1206,1219,1216,1195
1449820191611723507,2002,2024-10-15,2024,1207,1207,1220,1217,1196
2157718028638399156,2003,2024-10-15,2024,1208,1208,1221,1218,1197
2252721816723381761,2004,2024-10-15,2024,1208,1208,1221,1218,1197
2386430900216163559,2005,2024-10-15,2024,1209,1209,1222,1219,1198
2415143689416678145,2006,2024-10-15,2024,1210,1210,1223,1220,1199
2429383793520395524,2007,2024-10-15,2024,1210,1210,1223,1220,1199
2960348779594699833,2008,2024-10-15,2024,1211,1211,1224,1221,1200
4026250658507663893,2009,2024-10-15,2024,1212,1212,1225,1222,1201
4341709941568516516,2010,2024-10-15,2024,1213,1213,1226,1223,1202
4934706406599551629,2011,2024-10-15,2024,1214,1214,1227,1224,1203
5297820157706903045,2012,2024-10-15,2024,1214,1214,1227,1224,1204
5830749917842509059,2013,2024-10-15,2024,1215,1215,1228,1225,1205
5944625817852570223,2014,2024-10-15,2024,1215,1215,1228,1225,1205
6363042678481429082,2015,2024-10-15,2024,1215,1215,1228,1225,1205
7393762742098317851,2016,2024-10-15,2024,1215,1215,1228,1225,1205
7414562104466218504,2017,2024-10-15,2024,1215,1215,1228,1225,1205
7525756476048390270,2018,2024-10-15,2024,1215,1215,1228,1225,1205
7775918341874612595,2019,2024-10-15,2024,1216,1216,1229,1226,1206
7952165610577923312,2020,2024-10-15,2024,1217,1217,1230,1227,1207
7986363769244990324,2021,2024-10-15,2024,1218,1218,1231,1228,1208
8012244834986140967,2022,2024-10-15,2024,1219,1219,1232,1229,1209
8469384433428456997,2023,2024-10-15,2024,1220,1220,1233,1230,1210
8599065734740423695,2024,2024-10-15,2024,1221,1221,1234,1231,1211
8616308021932299783,2025,2024-10-15,2024,1222,1222,1235,1232,1212
9245435612815799901,2026,2024-10-15,2024,1223,1223,1236,1233,1213
9720507329747027362,2027,2024-10-15,2024,1223,1223,1236,1233,1213
10486307854086293200,2028,2024-10-15,2024,1224,1224,1237,1234,1214
11191850311219836366,2029,2024-10-15,2024,1224,1224,1237,1234,1214
12268409900112424652,2030,2024-10-15,2024,1225,1225,1238,1235,1215
12354999385500517491,2031,2024-10-15,2024,1226,1226,1239,1236,1216
12444030488156182377,2032,2024-10-15,2024,1227,1227,1240,1237,1216
12531369447843889770,2033,2024-10-15,2024,1228,1228,1241,1238,1217
13468182281278160664,2034,2024-10-15,2024,1228,1228,1241,1238,1217
14001367737413868508,2035,2024-10-15,2024,1229,1229,1242,1239,1218
14119670633038209041,2036,2024-10-15,2024,1229,1229,1242,1239,1219
14500086026605583099,2037,2024-10-15,2024,1229,1229,1242,1239,1219
14751277058390133373,2038,2024-10-15,2024,1230,1230,1243,1240,1220
15588026916641270837,2039,2024-10-15,2024,1231,1231,1244,1241,1221
15682220744518934515,2040,2024-10-15,2024,1232,1232,1245,1242,1222
16244745952658527965,2041,2024-10-15,2024,1232,1232,1245,1242,1222
16721918040172962510,2042,2024-10-15,2024,1233,1233,1246,1243,1223
16952800731237484584,2043,2024-10-15,2024,1234,1234,1247,1244,1224
17069495473869075210,2044,2024-10-15,2024,1235,1235,1248,1245,1225
17606907239680214406,2045,2024-10-15,2024,1235,1235,1248,1245,1225
17760107535629392878,2046,2024-10-15,2024,1235,1235,1248,1245,1225
17770585192150479748,2047,2024-10-15,2024,1235,1236,1249,1246,1225
1203930263348961742,2048,2024-11-13,2024,1235,1236,1249,1246,1225
1612970582786792794,2049,2024-11-13,2024,1235,1236,1249,1246,1225
3245642878722115284,2050,2024-11-13,2024,1235,1236,1249,1246,1225
16707015315895272390,2051,2024-11-13,2024,1236,1237,1250,1247,1226
17311325485778868034,2052,2024-11-13,2024,1237,1238,1251,1248,1227
93712820410826835,2053,2024-11-14,2024,1237,1238,1251,1248,1227
481366230611176020,2054,2024-11-14,2024,1238,1239,1252,1249,1228
501046065027765240,2055,2024-11-14,2024,1238,1240,1253,1250,1229
866831038214868299,2056,2024-11-14,2024,1238,1240,1253,1250,1229
1675597306879106814,2057,2024-11-14,2024,1239,1241,1254,1251,1230
1996710519172566784,2058,2024-11-14,2024,1239,1241,1254,1251,1231
2075469218413395682,2059,2024-11-14,2024,1239,1241,1254,1251,1231
2133864272449448916,2060,2024-11-14,2024,1239,1241,1254,1251,1231
2295591931202110735,2061,2024-11-14,2024,1240,1242,1255,1252,1232
2626622994341518269,2062,2024-11-14,2024,1240,1242,1255,1252,1232
3012924493941845268,2063,2024-11-14,2024,1240,1242,1255,1252,1232
4306141703072647677,2064,2024-11-14,2024,1241,1243,1256,1253,1233
5530305322036858687,2065,2024-11-14,2024,1241,1243,1256,1253,1233
6049870124005694382,2066,2024-11-14,2024,1241,1243,1256,1253,1233
8772972118534268733,2067,2024-11-14,2024,1241,1243,1256,1253,1233
9107785242836352759,2068,2024-11-14,2024,1242,1244,1257,1254,1234
9565213222081706639,2069,2024-11-14,2024,1243,1245,1258,1255,1235
9635512723704377750,2070,2024-11-14,2024,1244,1246,1259,1256,1236
10341496944615662093,2071,2024-11-14,2024,1244,1246,1259,1256,1236
11232758802196398124,2072,2024-11-14,2024,1245,1247,1260,1257,1236
12070099938951316975,2073,2024-11-14,2024,1245,1247,1260,1257,1236
12626714798795404317,2074,2024-11-14,2024,1245,1247,1260,1257,1236
12800232311302893261,2075,2024-11-14,2024,1245,1247,1260,1257,1236
12961743368708971024,2076,2024-11-14,2024,1246,1248,1261,1258,1237
13167347456854007956,2077,2024-11-14,2024,1247,1249,1262,1259,1237
13202889227550876705,2078,2024-11-14,2024,1248,1250,1263,1260,1238
13227502850436776392,2079,2024-11-14,2024,1248,1250,1263,1260,1238
13767581173654852119,2080,2024-11-14,2024,1249,1251,1264,1261,1239
13814708271732854482,2081,2024-11-14,2024,1249,1251,1264,1261,1239
13959961496222759437,2082,2024-11-14,2024,1249,1251,1264,1261,1239
14121348792083042987,2083,2024-11-14,2024,1249,1251,1264,1261,1239
14612278788618554904,2084,2024-11-14,2024,1250,1252,1265,1262,1240
15438397797211905238,2085,2024-11-14,2024,1251,1253,1266,1263,1241
15616381513814770055,2086,2024-11-14,2024,1252,1254,1267,1264,1242
15708479002186039791,2087,2024-11-14,2024,1253,1255,1268,1265,1243
16154030049904583866,2088,2024-11-14,2024,1254,1256,1269,1266,1244
16257007296211699671,2089,2024-11-14,2024,1254,1256,1269,1266,1244
16442552692541627124,2090,2024-11-14,2024,1255,1257,1270,1267,1245
17582367589605764257,2091,2024-11-14,2024,1255,1257,1271,1267,1245
17956850801786634215,2092,2024-11-14,2024,1256,1258,1272,1268,1246
18035923200510540693,2093,2024-11-14,2024,1256,1258,1272,1268,1246
329650349585282072,2094,2024-11-15,2024,1256,1259,1273,1269,1246
470978623558198034,2095,2024-11-15,2024,1256,1259,1273,1269,1246
641316501878875361,2096,2024-11-15,2024,1257,1260,1274,1270,1247
1338595008578422022,2097,2024-11-15,2024,1257,1260,1274,1270,1247
1846175899203843413,2098,2024-11-15,2024,1257,1260,1274,1270,1247
2609710832336422304,2099,2024-11-15,2024,1257,1260,1274,1270,1247
2616899732583141010,2100,2024-11-15,2024,1258,1261,1275,1271,1248
4399401396789541578,2101,2024-11-15,2024,1259,1262,1276,1272,1248
5870240436055665111,2102,2024-11-15,2024,1259,1262,1276,1272,1248
6758393877820824105,2103,2024-11-15,2024,1259,1263,1276,1272,1248
6922759765988784434,2104,2024-11-15,2024,1260,1264,1277,1273,1249
6925682435695218605,2105,2024-11-15,2024,1261,1265,1278,1274,1250
7699654709415125328,2106,2024-11-15,2024,1261,1265,1278,1274,1250
8205096646910427418,2107,2024-11-15,2024,1262,1266,1279,1275,1251
8425733394009722644,2108,2024-11-15,2024,1263,1267,1280,1276,1252
9324515760161775743,2109,2024-11-15,2024,1264,1268,1281,1277,1253
9815630604938136242,2110,2024-11-15,2024,1264,1268,1281,1277,1253
9952110194217415423,2111,2024-11-15,2024,1264,1268,1281,1277,1253
10260626754491730185,2112,2024-11-15,2024,1264,1268,1281,1277,1253
10453861264967871930,2113,2024-11-15,2024,1265,1269,1282,1278,1254
11648228035390987288,2114,2024-11-15,2024,1266,1270,1283,1279,1255
12454588124511103100,2115,2024-11-15,2024,1266,1270,1283,1279,1255
12482693182244414747,2116,2024-11-15,2024,1267,1271,1284,1280,1256
13720913338224644306,2117,2024-11-15,2024,1268,1272,1285,1281,1257
14265885600901358177,2118,2024-11-15,2024,1269,1273,1286,1282,1258
14432675976958477016,2119,2024-11-15,2024,1270,1274,1287,1283,1259
14711677348572912012,2120,2024-11-15,2024,1271,1275,1288,1284,1260
14849285118690885921,2121,2024-11-15,2024,1272,1276,1289,1285,1260
15601740389174149490,2122,2024-11-15,2024,1273,1277,1290,1286,1260
16699548949144353851,2123,2024-11-15,2024,1274,1278,1291,1287,1261
16908314668197503176,2124,2024-11-15,2024,1274,1278,1291,1287,1261
17323673617882792733,2125,2024-11-15,2024,1274,1279,1291,1288,1261
17614789810511867355,2126,2024-11-15,2024,1274,1279,1291,1288,1261
1662249150521073074,2127,2024-11-16,2024,1274,1279,1291,1288,1261
1694170343393730709,2128,2024-11-16,2024,1275,1280,1292,1289,1262
1708863274445207306,2129,2024-11-16,2024,1275,1280,1292,1289,1262
1820435618625059231,2130,2024-11-16,2024,1276,1281,1293,1290,1263
2729327721061558761,2131,2024-11-16,2024,1277,1282,1294,1291,1264
3524906271318884668,2132,2024-11-16,2024,1278,1283,1295,1292,1265
3698892418946679293,2133,2024-11-16,2024,1279,1284,1296,1293,1266
4196271697998704316,2134,2024-11-16,2024,1279,1284,1296,1293,1266
5640005930282373535,2135,2024-11-16,2024,1280,1285,1297,1294,1267
7955776379985134252,2136,2024-11-16,2024,1280,1285,1297,1294,1267
8195914840168598153,2137,2024-11-16,2024,1281,1286,1298,1295,1268
9221598317650183414,2138,2024-11-16,2024,1281,1286,1298,1295,1268
9783275734152741935,2139,2024-11-16,2024,1281,1286,1298,1295,1268
11007573464748080277,2140,2024-11-16,2024,1281,1286,1298,1295,1268
12387473503814482937,2141,2024-11-16,2024,1282,1287,1299,1296,1269
14590074061859189654,2142,2024-11-16,2024,1282,1287,1299,1296,1269
1095086004324597574,2143,2024-11-17,2024,1282,1287,1299,1296,1269
1952062763055267103,2144,2024-11-17,2024,1282,1287,1299,1296,1269
2054684424265113143,2145,2024-11-17,2024,1282,1288,1299,1296,1269
2465591878138632701,2146,2024-11-17,2024,1283,1288,1299,1296,1269
3950849760224078182,2147,2024-11-17,2024,1284,1289,1300,1297,1270
4827596647609283074,2148,2024-11-17,2024,1285,1290,1301,1298,1271
5843715536806073499,2149,2024-11-17,2024,1285,1291,1301,1298,1271
6396386263169444088,2150,2024-11-17,2024,1285,1291,1301,1298,1271
11564421511328940178,2151,2024-11-17,2024,1285,1291,1301,1298,1271
12839661904682336616,2152,2024-11-17,2024,1286,1292,1302,1299,1272
12965918482634230287,2153,2024-11-17,2024,1287,1293,1303,1300,1273
12987391209072637992,2154,2024-11-17,2024,1288,1294,1304,1301,1274
15066004914004022671,2155,2024-11-17,2024,1288,1294,1304,1301,1274
16658042303129250761,2156,2024-11-17,2024,1289,1295,1305,1302,1275
18422487577221633995,2157,2024-11-17,2024,1290,1296,1306,1303,1276
762077329177820711,2158,2024-11-18,2024,1290,1296,1306,1303,1276
769105561906541584,2159,2024-11-18,2024,1291,1297,1307,1304,1277
1522918372004787738,2160,2024-11-18,2024,1292,1298,1308,1305,1278
1993968480899826657,2161,2024-11-18,2024,1292,1298,1308,1305,1279
2415522774097617662,2162,2024-11-18,2024,1292,1298,1308,1305,1280
2538618726867724094,2163,2024-11-18,2024,1293,1299,1309,1306,1281
2747531163247590291,2164,2024-11-18,2024,1294,1300,1310,1307,1282
3215993550760209011,2165,2024-11-18,2024,1294,1300,1310,1307,1282
3659639828586380416,2166,2024-11-18,2024,1294,1300,1310,1307,1282
4841813957133158301,2167,2024-11-18,2024,1294,1300,1310,1307,1282
5487103250449070648,2168,2024-11-18,2024,1295,1301,1311,1308,1283
5638163838984920131,2169,2024-11-18,2024,1295,1301,1311,1308,1283
5912847234937099128,2170,2024-11-18,2024,1295,1301,1311,1308,1283
7305957855654117562,2171,2024-11-18,2024,1295,1301,1311,1308,1283
7356248386250826563,2172,2024-11-18,2024,1295,1302,1311,1308,1283
7782415686690387078,2173,2024-11-18,2024,1295,1302,1311,1308,1283
8150908956878631086,2174,2024-11-18,2024,1295,1302,1311,1308,1283
9155817050343349145,2175,2024-11-18,2024,1296,1303,1312,1309,1284
10994814056739426465,2176,2024-11-18,2024,1297,1304,1313,1310,1285
12105204703038145886,2177,2024-11-18,2024,1297,1304,1313,1310,1285
12655478563362915907,2178,2024-11-18,2024,1297,1304,1313,1310,1285
12744956203335907838,2179,2024-11-18,2024,1297,1304,1313,1310,1286
12986947920076854654,2180,2024-11-18,2024,1298,1305,1314,1311,1287
13627099858072866510,2181,2024-11-18,2024,1299,1306,1315,1312,1288
14090240975398469338,2182,2024-11-18,2024,1300,1307,1316,1313,1289
14320132760989177148,2183,2024-11-18,2024,1301,1308,1317,1314,1290
17097977079561470353,2184,2024-11-18,2024,1301,1308,1317,1314,1290
17258624620978059310,2185,2024-11-18,2024,1302,1309,1318,1315,1291
17408842890646639322,2186,2024-11-18,2024,1302,1309,1318,1315,1291
233146569723971571,2187,2024-11-19,2024,1303,1310,1319,1316,1292
323324509811204257,2188,2024-11-19,2024,1303,1310,1319,1316,1292
453779884754692713,2189,2024-11-19,2024,1304,1311,1320,1317,1293
1072145889815023889,2190,2024-11-19,2024,1305,1312,1321,1318,1294
1113794929443322813,2191,2024-11-19,2024,1306,1313,1322,1319,1295
1528775078858875489,2192,2024-11-19,2024,1307,1314,1323,1320,1296
1565217807070200331,2193,2024-11-19,2024,1307,1314,1323,1320,1296
2171991869320746021,2194,2024-11-19,2024,1307,1314,1323,1320,1296
3195533418143847788,2195,2024-11-19,2024,1308,1315,1324,1321,1297
3447375153512559978,2196,2024-11-19,2024,1309,1316,1325,1322,1298
3493858509515205700,2197,2024-11-19,2024,1309,1316,1325,1322,1298
3508698318070517385,2198,2024-11-19,2024,1310,1317,1326,1323,1299
3647848918122416905,2199,2024-11-19,2024,1311,1318,1327,1324,1300
3704231770459793684,2200,2024-11-19,2024,1312,1319,1328,1325,1301
4168030952402840760,2201,2024-11-19,2024,1312,1319,1328,1325,1301
4410533640194892457,2202,2024-11-19,2024,1312,1319,1328,1325,1301
4956523139152802442,2203,2024-11-19,2024,1313,1320,1329,1326,1302
5831218590424466987,2204,2024-11-19,2024,1314,1321,1330,1327,1303
6237498504692970136,2205,2024-11-19,2024,1314,1321,1330,1327,1303
6977993404208059059,2206,2024-11-19,2024,1315,1322,1331,1328,1304
7920149069109072236,2207,2024-11-19,2024,1315,1322,1331,1328,1305
8476045111099039290,2208,2024-11-19,2024,1316,1323,1332,1329,1306
8507492481345588245,2209,2024-11-19,2024,1317,1324,1333,1330,1307
8687556032355633075,2210,2024-11-19,2024,1317,1324,1333,1330,1307
9337091962932569031,2211,2024-11-19,2024,1317,1324,1333,1330,1307
9649949813463407526,2212,2024-11-19,2024,1318,1325,1334,1331,1308
10130118068616631339,2213,2024-11-19,2024,1318,1325,1334,1331,1308
10401464079767934759,2214,2024-11-19,2024,1318,1325,1334,1331,1308
10504089604856125509,2215,2024-11-19,2024,1318,1325,1334,1331,1308
11144956892170310838,2216,2024-11-19,2024,1318,1325,1334,1331,1308
11184561059992105084,2217,2024-11-19,2024,1319,1326,1335,1332,1309
11522326485397736131,2218,2024-11-19,2024,1320,1327,1336,1333,1310
12820509770651219723,2219,2024-11-19,2024,1320,1327,1336,1333,1310
13190545411526096050,2220,2024-11-19,2024,1321,1328,1337,1334,1311
13976869852942704314,2221,2024-11-19,2024,1322,1329,1338,1335,1312
14034182533759895949,2222,2024-11-19,2024,1322,1329,1338,1335,1312
14067547676151010557,2223,2024-11-19,2024,1322,1330,1339,1335,1312
14461779804002840680,2224,2024-11-19,2024,1323,1331,1340,1336,1313
14582729001650369526,2225,2024-11-19,2024,1323,1331,1340,1336,1313
14586622308232902694,2226,2024-11-19,2024,1324,1332,1341,1337,1314
15062673134872101308,2227,2024-11-19,2024,1325,1333,1342,1338,1315
15249622945063753431,2228,2024-11-19,2024,1326,1334,1343,1339,1316
15739996244544181915,2229,2024-11-19,2024,1327,1335,1344,1340,1317
15771339847191692390,2230,2024-11-19,2024,1328,1336,1345,1341,1318
16552051830256023171,2231,2024-11-19,2024,1329,1337,1346,1342,1319
16917446749788113037,2232,2024-11-19,2024,1329,1337,1346,1342,1319
17720095454433954210,2233,2024-11-19,2024,1330,1338,1347,1343,1320
17891352504910508878,2234,2024-11-19,2024,1331,1339,1347,1343,1320
18229736134839481785,2235,2024-11-19,2024,1332,1340,1348,1344,1321
4248544616958388348,2236,2024-12-08,2024,1332,1340,1348,1344,1321
7504911830023514370,2237,2024-12-08,2024,1333,1341,1349,1345,1322
14366786956419413843,2238,2024-12-08,2024,1334,1342,1350,1346,1323
9450429604360474460,2239,2024-12-09,2024,1335,1343,1351,1347,1324
14410309466997908123,2240,2024-12-09,2024,1336,1344,1352,1348,1325
17396943625626717094,2241,2024-12-09,2024,1337,1345,1353,1349,1326
15884661667153605281,2242,2024-12-11,2024,1338,1346,1354,1350,1327
17040945766999524255,2243,2024-12-11,2024,1339,1347,1355,1351,1328
18417228916408798669,2244,2024-12-11,2024,1340,1348,1356,1352,1329
4837209503536628892,2245,2024-12-12,2024,1340,1348,1356,1352,1329
6535921169297511208,2246,2024-12-12,2024,1340,1348,1356,1352,1329
16324257938377082045,2247,2024-12-12,2024,1340,1348,1356,1352,1329
6583763991448119141,2248,2024-12-14,2024,1341,1349,1357,1353,1330
14019504045957217784,2249,2024-12-14,2024,1342,1349,1357,1353,1331
15023317092806222477,2250,2024-12-14,2024,1343,1350,1358,1354,1332
17076545699394586904,2251,2024-12-14,2024,1344,1351,1359,1355,1333
8337479797716014102,2252,2024-12-15,2024,1344,1351,1359,1355,1333
10983953039798979565,2253,2024-12-15,2024,1345,1352,1360,1356,1334
15614115645241555526,2254,2024-12-15,2024,1345,1352,1360,1356,1334
3493752481222531454,2255,2024-12-17,2024,1346,1353,1361,1357,1335
11835592200321238365,2256,2024-12-17,2024,1347,1354,1362,1358,1336
14417857253216865319,2257,2024-12-17,2024,1348,1355,1363,1359,1337
10819725986762126214,2258,2024-12-18,2024,1348,1355,1363,1359,1337
14312414127975971920,2259,2024-12-18,2024,1348,1355,1363,1359,1337
14506905604865593345,2260,2024-12-18,2024,1349,1356,1364,1360,1338
7106802830538965677,2261,2024-12-20,2024,1349,1356,1364,1360,1338
13274851722125330690,2262,2024-12-20,2024,1350,1357,1365,1361,1339
2546644576232235765,2263,2024-12-21,2024,1350,1357,1365,1361,1339
6219327584740129211,2264,2024-12-21,2024,1351,1358,1366,1362,1340
7899534368238998794,2265,2024-12-21,2024,1351,1358,1366,1362,1340
8608473183740843716,2266,2024-12-21,2024,1351,1358,1366,1362,1340
14913642848231966720,2267,2024-12-21,2024,1351,1358,1366,1362,1340
16122518190546495345,2268,2024-12-21,2024,1352,1359,1367,1363,1341
7474842698869773169,2269,2024-12-22,2024,1353,1360,1368,1364,1342
11827435569099748750,2270,2024-12-22,2024,1353,1360,1368,1364,1342
6525506747168545016,2271,2024-12-24,2024,1353,1360,1368,1364,1342
9801736931279343479,2272,2024-12-24,2024,1353,1360,1368,1364,1342
4606401754932406488,2273,2024-12-25,2024,1354,1361,1369,1365,1343
4923125162841133356,2274,2024-12-25,2024,1354,1361,1369,1365,1343
13005151225225401676,2275,2024-12-26,2024,1355,1362,1370,1366,1344
2266299795944440074,2276,2024-12-27,2024,1355,1362,1370,1366,1344
5613648587433564162,2277,2024-12-27,2024,1355,1362,1370,1366,1344
13351386360733766732,2278,2024-12-27,2024,1355,1362,1370,1366,1344
4891276824969159719,2279,2024-12-28,2024,1355,1362,1370,1366,1344
7882560430111042291,2280,2024-12-28,2024,1355,1362,1370,1366,1344
11654541612325422844,2281,2024-12-29,2024,1356,1363,1371,1367,1345
1880092527173361183,2282,2024-12-30,2024,1357,1364,1372,1368,1346
6849078868663595864,2283,2024-12-31,2024,1357,1364,1372,1368,1346
17955056128256575416,2284,2024-12-31,2024,1357,1364,1372,1368,1346
638854211610064092,2285,2025-01-02,2025,1357,1365,1373,1369,1347
16529406267676052250,2286,2025-01-03,2025,1358,1366,1374,1370,1348
10744366368920286072,2287,2025-01-04,2025,1358,1366,1374,1370,1348
13301954843714503164,2288,2025-01-04,2025,1358,1366,1374,1370,1348
11539720344246890328,2289,2025-01-05,2025,1358,1366,1374,1370,1348
13600039549901179982,2290,2025-01-06,2025,1358,1366,1374,1370,1348
10519059732504592348,2291,2025-01-07,2025,1358,1366,1374,1370,1348
5568196449327204377,2292,2025-01-09,2025,1359,1367,1375,1371,1349
15759617160394521059,2293,2025-01-10,2025,1360,1368,1376,1372,1350
4293355282154187432,2294,2025-01-13,2025,1361,1369,1377,1373,1351
15399791543975604798,2295,2025-01-18,2025,1362,1370,1378,1374,1352
6501415391279283788,2296,2025-01-22,2025,1362,1370,1378,1374,1352
6698575830211231304,2297,2025-01-22,2025,1363,1371,1379,1375,1353
9613438356316462570,2298,2025-02-07,2025,1364,1372,1380,1376,1354
9370509769846891003,2299,2025-02-08,2025,1365,1373,1381,1377,1354
3106030778306089499,2300,2025-02-10,2025,1365,1373,1381,1377,1354
8637114448802981890,2301,2025-02-13,2025,1365,1373,1381,1377,1354
14459935616833073051,2302,2025-03-09,2025,1365,1373,1381,1377,1354
9800746263243721400,2303,2025-03-13,2025,1365,1373,1381,1377,1354
12665152366881080677,2304,2025-03-14,2025,1365,1373,1381,1377,1354
16280098347862624577,2305,2025-03-16,2025,1365,1373,1381,1377,1354
2366953329455443562,2306,2025-03-19,2025,1365,1373,1381,1377,1354
6707162919694730707,2307,2025-03-19,2025,1366,1374,1382,1378,1355
7997728021650006445,2308,2025-03-19,2025,1367,1375,1383,1379,1356
8426567846983776414,2309,2025-03-19,2025,1368,1376,1384,1380,1357
12751003165006777688,2310,2025-03-19,2025,1368,1376,1384,1380,1357
13013132167647354946,2311,2025-03-19,2025,1369,1377,1385,1381,1358
15187489369679646372,2312,2025-03-19,2025,1369,1378,1385,1381,1359
16685600555856449360,2313,2025-03-19,2025,1370,1379,1386,1382,1360
977975205361743582,2314,2025-03-20,2025,1371,1380,1387,1383,1361
1324209140662141794,2315,2025-03-20,2025,1371,1380,1387,1383,1361
1730142600949466176,2316,2025-03-20,2025,1371,1380,1387,1383,1361
2561442682013235961,2317,2025-03-20,2025,1371,1380,1387,1383,1361
3671920248497119570,2318,2025-03-20,2025,1372,1381,1388,1384,1362
4632515794251953760,2319,2025-03-20,2025,1373,1382,1389,1385,1363
5080334901453890823,2320,2025-03-20,2025,1374,1383,1390,1386,1364
5606602872753019717,2321,2025-03-20,2025,1374,1383,1390,1386,1364
6514926697870327753,2322,2025-03-20,2025,1374,1383,1390,1386,1364
6573263490825623455,2323,2025-03-20,2025,1375,1384,1391,1387,1365
7106888081061398632,2324,2025-03-20,2025,1375,1384,1391,1387,1365
7859820632768491700,2325,2025-03-20,2025,1376,1385,1392,1388,1366
7871269281660696688,2326,2025-03-20,2025,1376,1385,1392,1388,1366
8541133069352056002,2327,2025-03-20,2025,1376,1385,1392,1388,1366
9201835179405939422,2328,2025-03-20,2025,1377,1386,1393,1389,1367
9563302598919976342,2329,2025-03-20,2025,1377,1386,1393,1389,1367
10958278819713216551,2330,2025-03-20,2025,1378,1387,1394,1390,1368
11914340364396172474,2331,2025-03-20,2025,1378,1387,1394,1390,1368
12010967726089448516,2332,2025-03-20,2025,1378,1387,1394,1390,1368
12242680988083475587,2333,2025-03-20,2025,1379,1388,1395,1391,1369
12250145353334887731,2334,2025-03-20,2025,1379,1388,1395,1391,1369
12442556879205283414,2335,2025-03-20,2025,1380,1389,1396,1392,1369
13354439413353254889,2336,2025-03-20,2025,1381,1390,1397,1393,1370
13738576234282805739,2337,2025-03-20,2025,1382,1391,1398,1394,1371
13777221448969877000,2338,2025-03-20,2025,1382,1391,1398,1394,1371
13856816647532403716,2339,2025-03-20,2025,1383,1392,1399,1395,1372
14138012396053208562,2340,2025-03-20,2025,1384,1393,1400,1396,1373
14414857586678406303,2341,2025-03-20,2025,1385,1393,1401,1397,1374
14425838845545462704,2342,2025-03-20,2025,1385,1393,1401,1397,1374
14685744696516317759,2343,2025-03-20,2025,1385,1393,1401,1397,1375
14726192931914270896,2344,2025-03-20,2025,1386,1394,1402,1398,1376
15547019325227627166,2345,2025-03-20,2025,1387,1395,1403,1399,1377
16145708577940228716,2346,2025-03-20,2025,1387,1395,1403,1399,1377
16146823619289460807,2347,2025-03-20,2025,1388,1396,1404,1400,1378
16297039340527423221,2348,2025-03-20,2025,1389,1397,1405,1401,1378
16531550150034669985,2349,2025-03-20,2025,1389,1397,1405,1401,1378
16991103829737408353,2350,2025-03-20,2025,1389,1398,1405,1401,1378
17470202124944292344,2351,2025-03-20,2025,1390,1399,1406,1402,1379
281665360837114600,2352,2025-03-21,2025,1391,1400,1407,1403,1379
573730215990375657,2353,2025-03-21,2025,1392,1401,1408,1404,1380
1643714716796672381,2354,2025-03-21,2025,1393,1402,1409,1405,1381
1709919436011716183,2355,2025-03-21,2025,1394,1403,1410,1406,1382
1958465631880159732,2356,2025-03-21,2025,1395,1404,1411,1407,1382
2336366155975455281,2357,2025-03-21,2025,1396,1405,1412,1408,1383
2400767819363015566,2358,2025-03-21,2025,1397,1406,1413,1409,1383
3199372426908326486,2359,2025-03-21,2025,1397,1406,1413,1409,1383
3318625705277265538,2360,2025-03-21,2025,1397,1406,1413,1409,1383
4084612688284641521,2361,2025-03-21,2025,1398,1407,1414,1410,1384
4144421407115197113,2362,2025-03-21,2025,1399,1408,1415,1411,1385
4199776917167431675,2363,2025-03-21,2025,1399,1408,1415,1411,1385
4986526502232240886,2364,2025-03-21,2025,1400,1409,1416,1412,1386
6230169895131127377,2365,2025-03-21,2025,1401,1410,1417,1413,1387
6580919294521680066,2366,2025-03-21,2025,1402,1411,1418,1414,1388
7024312206589787827,2367,2025-03-21,2025,1402,1411,1418,1414,1388
7895182445451200230,2368,2025-03-21,2025,1403,1412,1419,1415,1389
8281210916714481657,2369,2025-03-21,2025,1403,1412,1419,1415,1389
8769694267258791766,2370,2025-03-21,2025,1403,1412,1419,1415,1389
9143792027524129117,2371,2025-03-21,2025,1404,1413,1420,1416,1390
10163254885893975695,2372,2025-03-21,2025,1405,1414,1421,1417,1391
10488708645639562433,2373,2025-03-21,2025,1405,1414,1421,1417,1391
10993512446382468921,2374,2025-03-21,2025,1406,1415,1422,1418,1392
11211789545519233049,2375,2025-03-21,2025,1407,1416,1423,1419,1393
11382957964649836917,2376,2025-03-21,2025,1408,1417,1424,1420,1394
14770089427931545132,2377,2025-03-21,2025,1409,1418,1424,1420,1395
16302237745402128069,2378,2025-03-21,2025,1410,1419,1425,1421,1396
17078521087148939521,2379,2025-03-21,2025,1410,1419,1425,1421,1396
17422531074902804484,2380,2025-03-21,2025,1411,1420,1426,1422,1397
17948214591953792282,2381,2025-03-21,2025,1412,1420,1427,1423,1398
18375022603620810756,2382,2025-03-21,2025,1413,1421,1428,1424,1398
18444747664252702435,2383,2025-03-21,2025,1414,1422,1429,1425,1399
653476956185896772,2384,2025-03-22,2025,1414,1422,1429,1425,1399
2465982913577098682,2385,2025-03-22,2025,1415,1423,1430,1426,1400
3016265320376777019,2386,2025-03-22,2025,1416,1424,1431,1427,1401
4506521427498744387,2387,2025-03-22,2025,1417,1425,1432,1428,1402
6919061280164859349,2388,2025-03-22,2025,1418,1426,1433,1429,1403
8673131083182960532,2389,2025-03-22,2025,1418,1426,1433,1429,1403
9393906105732026149,2390,2025-03-22,2025,1419,1427,1434,1430,1404
13874003672357969114,2391,2025-03-22,2025,1420,1428,1435,1431,1405
15703322226205302623,2392,2025-03-22,2025,1420,1428,1435,1431,1405
18418169936665244162,2393,2025-03-22,2025,1421,1429,1436,1432,1406
518574638603562723,2394,2025-03-23,2025,1421,1429,1436,1432,1406
676190608515413170,2395,2025-03-23,2025,1422,1430,1437,1433,1406
1314124512263218689,2396,2025-03-23,2025,1422,1430,1437,1433,1406
3393495384855989587,2397,2025-03-23,2025,1422,1430,1437,1433,1407
4319050057269970385,2398,2025-03-23,2025,1423,1431,1438,1434,1408
5908713648804799068,2399,2025-03-23,2025,1424,1432,1439,1435,1409
10802646471948302673,2400,2025-03-23,2025,1424,1432,1439,1435,1409
11740609027385094740,2401,2025-03-23,2025,1424,1432,1439,1435,1409
13330502638960984614,2402,2025-03-23,2025,1424,1433,1439,1435,1409
13389328858661577095,2403,2025-03-23,2025,1424,1433,1439,1435,1409
14748527036397179524,2404,2025-03-23,2025,1425,1434,1440,1436,1410
17266189026320310537,2405,2025-03-23,2025,1426,1435,1441,1437,1411
17387299781787409316,2406,2025-03-23,2025,1426,1435,1441,1437,1411
17467136573399436850,2407,2025-03-23,2025,1427,1436,1442,1438,1412
17989777060945193578,2408,2025-03-23,2025,1428,1437,1443,1439,1413
18331515087263204098,2409,2025-03-23,2025,1429,1438,1444,1440,1413
71424452658156864,2410,2025-03-24,2025,1430,1439,1445,1441,1414
843542101867047984,2411,2025-03-24,2025,1431,1440,1446,1442,1415
1000891614284541449,2412,2025-03-24,2025,1432,1441,1447,1443,1416
3282016410718282701,2413,2025-03-24,2025,1433,1442,1448,1444,1417
7422812355843620078,2414,2025-03-24,2025,1434,1443,1449,1445,1418
7538643826278495331,2415,2025-03-24,2025,1435,1444,1450,1446,1419
10023364201778613629,2416,2025-03-24,2025,1436,1445,1451,1447,1420
10562200074968867283,2417,2025-03-24,2025,1437,1446,1452,1448,1421
10698904323627549244,2418,2025-03-24,2025,1437,1446,1452,1448,1421
10850793599498766724,2419,2025-03-24,2025,1437,1446,1452,1448,1422
12798710852227393119,2420,2025-03-24,2025,1438,1447,1453,1449,1423
14565345410532882613,2421,2025-03-24,2025,1438,1447,1453,1449,1423
16281529852508391561,2422,2025-03-24,2025,1439,1448,1454,1450,1424
17155976325999660245,2423,2025-03-24,2025,1440,1449,1455,1451,1425
17629326972513854617,2424,2025-03-24,2025,1441,1450,1456,1452,1426
366537553589997517,2425,2025-03-25,2025,1442,1451,1457,1453,1427
640397991324351912,2426,2025-03-25,2025,1443,1452,1458,1454,1428
1816272248766322634,2427,2025-03-25,2025,1444,1453,1459,1455,1429
2080318643984841469,2428,2025-03-25,2025,1444,1453,1459,1455,1429
2484185424639134469,2429,2025-03-25,2025,1444,1453,1460,1455,1430
2546571736489397898,2430,2025-03-25,2025,1445,1454,1461,1456,1431
2612233454749927533,2431,2025-03-25,2025,1446,1455,1462,1457,1432
2661650410411436470,2432,2025-03-25,2025,1446,1455,1462,1457,1432
2844935887817438242,2433,2025-03-25,2025,1447,1456,1463,1458,1433
3032226428773756526,2434,2025-03-25,2025,1447,1456,1463,1458,1433
3112142400346582250,2435,2025-03-25,2025,1447,1456,1463,1458,1433
3305266295780608703,2436,2025-03-25,2025,1448,1457,1464,1459,1434
3400884801473837155,2437,2025-03-25,2025,1449,1458,1465,1460,1435
3439125609500852702,2438,2025-03-25,2025,1450,1459,1466,1461,1436
3774088999629114517,2439,2025-03-25,2025,1450,1459,1466,1461,1436
3775627550942446785,2440,2025-03-25,2025,1451,1460,1467,1462,1437
4475774901340062714,2441,2025-03-25,2025,1452,1461,1468,1463,1438
4490003837776288164,2442,2025-03-25,2025,1452,1461,1468,1463,1438
5288901449298887080,2443,2025-03-25,2025,1453,1462,1469,1464,1439
6340902457272838144,2444,2025-03-25,2025,1454,1463,1470,1465,1440
6355959045898530533,2445,2025-03-25,2025,1455,1464,1471,1466,1441
7253394435886203004,2446,2025-03-25,2025,1456,1465,1472,1467,1442
7405395819474797159,2447,2025-03-25,2025,1457,1466,1473,1468,1443
7502956136360461211,2448,2025-03-25,2025,1458,1467,1474,1469,1444
7566738550469292175,2449,2025-03-25,2025,1458,1467,1474,1469,1444
7824967859376735891,2450,2025-03-25,2025,1459,1468,1475,1470,1445
7872404852993235952,2451,2025-03-25,2025,1459,1468,1475,1470,1445
7939927645907164927,2452,2025-03-25,2025,1460,1469,1476,1471,1446
8062091822368052885,2453,2025-03-25,2025,1461,1470,1477,1472,1447
8259499245635919490,2454,2025-03-25,2025,1461,1470,1477,1472,1447
9072074792647949791,2455,2025-03-25,2025,1461,1470,1478,1473,1447
9204907947418580706,2456,2025-03-25,2025,1462,1471,1479,1474,1448
9303259958061868062,2457,2025-03-25,2025,1463,1472,1480,1475,1449
9535392072892647383,2458,2025-03-25,2025,1464,1473,1481,1476,1450
9598094363359795046,2459,2025-03-25,2025,1464,1473,1481,1476,1450
10037362807894222923,2460,2025-03-25,2025,1464,1473,1481,1476,1450
10273934408710820819,2461,2025-03-25,2025,1464,1473,1481,1476,1450
10336228353737895148,2462,2025-03-25,2025,1465,1474,1482,1477,1451
10927971846075299620,2463,2025-03-25,2025,1466,1475,1483,1478,1452
11026228491349621407,2464,2025-03-25,2025,1467,1476,1484,1479,1453
11381052817787743198,2465,2025-03-25,2025,1467,1477,1484,1479,1453
11554783485038094272,2466,2025-03-25,2025,1468,1478,1485,1480,1454
11562695238116825345,2467,2025-03-25,2025,1468,1478,1485,1480,1454
11869531428818271084,2468,2025-03-25,2025,1468,1478,1485,1480,1454
12253688222719987282,2469,2025-03-25,2025,1469,1479,1486,1481,1455
12844969717912848538,2470,2025-03-25,2025,1470,1480,1487,1482,1456
12887751560467987023,2471,2025-03-25,2025,1470,1480,1487,1482,1457
13052360132723698492,2472,2025-03-25,2025,1471,1481,1488,1483,1458
13198652393657694806,2473,2025-03-25,2025,1471,1481,1488,1483,1458
13336033552032564771,2474,2025-03-25,2025,1472,1482,1489,1484,1459
13770159510390113779,2475,2025-03-25,2025,1472,1482,1489,1484,1459
14341496480559298893,2476,2025-03-25,2025,1473,1483,1490,1485,1460
14840937433342277679,2477,2025-03-25,2025,1474,1484,1491,1486,1460
15183289762120622051,2478,2025-03-25,2025,1474,1484,1491,1486,1460
15401068729863503824,2479,2025-03-25,2025,1474,1484,1491,1486,1460
16286526150693962197,2480,2025-03-25,2025,1475,1485,1492,1487,1461
16313006446019677118,2481,2025-03-25,2025,1475,1485,1492,1487,1462
16847374726243712477,2482,2025-03-25,2025,1476,1486,1493,1488,1463
17271712712313586869,2483,2025-03-25,2025,1477,1487,1494,1489,1464
17519795810437679206,2484,2025-03-25,2025,1477,1487,1494,1489,1464
17534744969911534721,2485,2025-03-25,2025,1477,1487,1494,1489,1464
11434073055148219889,2486,2025-05-09,2025,1477,1487,1494,1489,1464
14718422360435221990,2487,2025-05-11,2025,1477,1487,1494,1489,1464
2716307951603325075,2488,2025-05-21,2025,1477,1487,1494,1489,1464
5517937112691330253,2489,2025-05-25,2025,1478,1488,1495,1490,1465
7168271586426503885,2490,2025-05-25,2025,1479,1489,1496,1491,1466
16743236794899018353,2491,2025-05-27,2025,1480,1490,1497,1492,1466
11962820851785768287,2492,2025-05-28,2025,1481,1491,1498,1493,1467
13688612619185457023,2493,2025-05-28,2025,1482,1492,1499,1494,1468
3340360852372704644,2494,2025-05-29,2025,1482,1492,1499,1494,1468
3019937132777475190,2495,2025-05-30,2025,1483,1493,1500,1495,1469
10888934257361500766,2496,2025-05-30,2025,1483,1493,1500,1495,1469
9344020810710512249,2497,2025-05-31,2025,1484,1494,1500,1495,1470
17109803078747868537,2498,2025-05-31,2025,1484,1494,1500,1495,1470
1112074846194828192,2499,2025-06-01,2025,1484,1494,1500,1495,1470
7268857253858224231,2500,2025-06-01,2025,1485,1495,1501,1496,1471
11108570569415380705,2501,2025-06-01,2025,1485,1495,1501,1496,1471
12179334308594275714,2502,2025-06-02,2025,1486,1496,1502,1497,1472
15099451653833039654,2503,2025-06-03,2025,1487,1497,1503,1498,1473
849998281055457427,2504,2025-06-04,2025,1488,1498,1504,1499,1474
3540259026478373625,2505,2025-06-04,2025,1488,1498,1504,1499,1474
4471240991859664068,2506,2025-06-04,2025,1489,1499,1505,1500,1475
5031682072698258443,2507,2025-06-04,2025,1490,1500,1506,1501,1476
6776093126321485546,2508,2025-06-04,2025,1490,1500,1506,1501,1476
11019429438908434843,2509,2025-06-04,2025,1491,1501,1507,1502,1477
12571919697945202564,2510,2025-06-04,2025,1492,1502,1508,1503,1478
13063871507790794220,2511,2025-06-04,2025,1493,1503,1509,1504,1479
18015008642854890035,2512,2025-06-04,2025,1494,1504,1510,1505,1480
746253091208308671,2513,2025-06-05,2025,1494,1504,1510,1505,1480
1117653846993343186,2514,2025-06-05,2025,1495,1504,1511,1505,1480
1274812542377325573,2515,2025-06-05,2025,1495,1504,1511,1505,1480
3392382487728427560,2516,2025-06-05,2025,1496,1505,1512,1506,1481
4237582258555168284,2517,2025-06-05,2025,1496,1505,1512,1507,1481
4264892677631433629,2518,2025-06-05,2025,1497,1506,1513,1508,1482
4597004290108101480,2519,2025-06-05,2025,1498,1507,1514,1509,1483
4629153390036132168,2520,2025-06-05,2025,1499,1508,1515,1510,1484
4800842655012947155,2521,2025-06-05,2025,1500,1508,1516,1511,1484
6308676231987473701,2522,2025-06-05,2025,1501,1508,1517,1512,1485
7875070471841953379,2523,2025-06-05,2025,1501,1508,1517,1512,1485
8314961619111942350,2524,2025-06-05,2025,1502,1509,1518,1513,1486
9199800769377609833,2525,2025-06-05,2025,1502,1509,1518,1513,1486
12120567486473303199,2526,2025-06-05,2025,1502,1509,1518,1513,1486
12427329629163090293,2527,2025-06-05,2025,1502,1509,1518,1513,1486
13613973122255717793,2528,2025-06-05,2025,1502,1509,1518,1513,1486
14518134553044872113,2529,2025-06-05,2025,1503,1510,1519,1514,1487
14788858583917018876,2530,2025-06-05,2025,1503,1510,1519,1514,1487
14832335138433105678,2531,2025-06-05,2025,1503,1510,1519,1514,1487
15851091852758174164,2532,2025-06-05,2025,1504,1511,1520,1515,1488
17422563556700013011,2533,2025-06-05,2025,1505,1512,1521,1516,1489
385628520052587082,2534,2025-06-06,2025,1505,1512,1521,1516,1489
781753312351637321,2535,2025-06-06,2025,1506,1513,1522,1517,1490
1150621305798072669,2536,2025-06-06,2025,1506,1513,1522,1517,1490
1407596598356874063,2537,2025-06-06,2025,1507,1514,1522,1517,1491
1756088997925171933,2538,2025-06-06,2025,1508,1515,1523,1518,1492
1765216388395974912,2539,2025-06-06,2025,1508,1515,1523,1518,1492
2269212349126114960,2540,2025-06-06,2025,1509,1516,1524,1519,1493
4577268802449945520,2541,2025-06-06,2025,1510,1517,1525,1520,1494
4607927673541021587,2542,2025-06-06,2025,1511,1518,1526,1521,1495
4732430891101359125,2543,2025-06-06,2025,1512,1519,1527,1522,1496
5154072757908535938,2544,2025-06-06,2025,1512,1519,1527,1522,1496
5173187842449649929,2545,2025-06-06,2025,1512,1519,1527,1522,1496
5894289648556749032,2546,2025-06-06,2025,1512,1519,1527,1522,1496
5960388396451386426,2547,2025-06-06,2025,1513,1520,1528,1523,1497
6982173212277701463,2548,2025-06-06,2025,1514,1521,1529,1524,1498
7304306601838395731,2549,2025-06-06,2025,1515,1522,1530,1525,1499
7648211338474532852,2550,2025-06-06,2025,1515,1522,1530,1525,1499
7672808310856827769,2551,2025-06-06,2025,1516,1523,1531,1526,1500
8828771226102303791,2552,2025-06-06,2025,1516,1523,1531,1526,1500
10231116944651227611,2553,2025-06-06,2025,1517,1524,1532,1527,1501
10984989512998338859,2554,2025-06-06,2025,1517,1524,1532,1527,1501
10991359791261216611,2555,2025-06-06,2025,1518,1525,1533,1528,1502
11226098145886193345,2556,2025-06-06,2025,1518,1525,1533,1528,1502
11541675392074316921,2557,2025-06-06,2025,1519,1526,1534,1529,1503
12078427611394353833,2558,2025-06-06,2025,1520,1527,1535,1530,1504
14294174195189653474,2559,2025-06-06,2025,1521,1528,1536,1531,1505
16453074535779645115,2560,2025-06-06,2025,1521,1528,1536,1531,1505
16505787477301150585,2561,2025-06-06,2025,1522,1529,1537,1532,1506
16833228829066769109,2562,2025-06-06,2025,1523,1530,1538,1533,1507
18022284298644580019,2563,2025-06-06,2025,1524,1531,1539,1534,1508
198586204946023207,2564,2025-06-07,2025,1524,1531,1539,1534,1508
311291747703324730,2565,2025-06-07,2025,1524,1531,1539,1534,1508
411361132315309085,2566,2025-06-07,2025,1525,1532,1540,1535,1509
829039364287426714,2567,2025-06-07,2025,1526,1533,1541,1536,1510
1617781809167781079,2568,2025-06-07,2025,1527,1534,1542,1537,1511
2005544524716178735,2569,2025-06-07,2025,1528,1535,1543,1538,1512
3344984439552384275,2570,2025-06-07,2025,1529,1536,1544,1539,1513
3542494543487861823,2571,2025-06-07,2025,1529,1536,1544,1539,1513
3572232437754765829,2572,2025-06-07,2025,1530,1537,1545,1540,1514
3807089366739189536,2573,2025-06-07,2025,1530,1537,1545,1540,1514
6278671440707566211,2574,2025-06-07,2025,1530,1538,1546,1541,1514
7061073265517191579,2575,2025-06-07,2025,1531,1539,1547,1542,1515
7085223981593363791,2576,2025-06-07,2025,1532,1540,1548,1543,1516
8523091064199966862,2577,2025-06-07,2025,1532,1540,1548,1543,1516
8914453985261088762,2578,2025-06-07,2025,1533,1541,1549,1544,1517
12253560469823597484,2579,2025-06-07,2025,1534,1542,1550,1545,1518
12320974275056304535,2580,2025-06-07,2025,1534,1542,1550,1545,1518
15640973125505916862,2581,2025-06-07,2025,1535,1543,1551,1546,1519
16506781231662003849,2582,2025-06-07,2025,1536,1544,1552,1547,1520
16743800181639793044,2583,2025-06-07,2025,1537,1545,1553,1548,1521
3054517628510871844,2584,2025-06-08,2025,1537,1545,1553,1548,1521
10174279668275402702,2585,2025-06-08,2025,1537,1545,1553,1548,1521
10343934885128443998,2586,2025-06-08,2025,1538,1546,1554,1549,1522
13947833588598869686,2587,2025-06-08,2025,1538,1546,1554,1549,1522
907952859759062434,2588,2025-06-09,2025,1539,1547,1555,1550,1523
1055164799315226242,2589,2025-06-09,2025,1540,1548,1556,1551,1524
3329334810122748704,2590,2025-06-09,2025,1541,1549,1557,1552,1525
5281333780615215845,2591,2025-06-09,2025,1541,1549,1557,1552,1525
7485986487371812680,2592,2025-06-09,2025,1542,1550,1558,1553,1526
8136622881599246224,2593,2025-06-09,2025,1542,1550,1558,1553,1526
10446502198988990257,2594,2025-06-09,2025,1543,1551,1559,1554,1527
12592439831159342311,2595,2025-06-09,2025,1544,1552,1560,1555,1528
13058202946840266745,2596,2025-06-09,2025,1544,1552,1560,1555,1528
14749898747490572871,2597,2025-06-09,2025,1545,1553,1561,1556,1529
15138374211588166121,2598,2025-06-09,2025,1546,1554,1562,1557,1530
16472380733860947374,2599,2025-06-09,2025,1547,1555,1563,1558,1531
17356847875328098469,2600,2025-06-09,2025,1548,1556,1564,1559,1532
17403779156704389572,2601,2025-06-09,2025,1549,1557,1565,1560,1533
537629951119144606,2602,2025-06-10,2025,1550,1558,1566,1561,1534
662917752670079688,2603,2025-06-10,2025,1551,1559,1567,1562,1535
878207392117740663,2604,2025-06-10,2025,1552,1560,1568,1563,1536
1457769087260964276,2605,2025-06-10,2025,1553,1561,1569,1564,1537
1617672097270395670,2606,2025-06-10,2025,1554,1562,1570,1565,1538
2420028585183055632,2607,2025-06-10,2025,1554,1562,1570,1565,1538
2896731206080717072,2608,2025-06-10,2025,1555,1562,1570,1565,1538
2937263762021729045,2609,2025-06-10,2025,1555,1562,1570,1565,1538
3305453331245187101,2610,2025-06-10,2025,1555,1562,1570,1565,1538
3918950670961513614,2611,2025-06-10,2025,1555,1562,1570,1565,1538
3989596134845779483,2612,2025-06-10,2025,1556,1563,1571,1566,1539
3997967163854339126,2613,2025-06-10,2025,1557,1564,1572,1567,1540
4136065206561030849,2614,2025-06-10,2025,1558,1565,1573,1568,1541
4869207703384503865,2615,2025-06-10,2025,1558,1565,1573,1568,1541
4947260173082210156,2616,2025-06-10,2025,1558,1565,1573,1568,1541
5073642948890378799,2617,2025-06-10,2025,1558,1565,1573,1568,1541
5428324576796966330,2618,2025-06-10,2025,1558,1565,1573,1568,1541
6079001971388290827,2619,2025-06-10,2025,1559,1566,1574,1569,1542
6302166660035925926,2620,2025-06-10,2025,1560,1567,1575,1570,1543
6644384121633669008,2621,2025-06-10,2025,1561,1568,1576,1571,1544
7300945915024627501,2622,2025-06-10,2025,1562,1569,1577,1572,1545
7439094770541754399,2623,2025-06-10,2025,1562,1569,1577,1572,1545
7568361640535997175,2624,2025-06-10,2025,1562,1569,1577,1572,1545
7580514846977097995,2625,2025-06-10,2025,1562,1569,1577,1572,1545
8024389371348579498,2626,2025-06-10,2025,1563,1570,1578,1573,1546
8028312709657637465,2627,2025-06-10,2025,1564,1571,1579,1574,1547
8461969808646145439,2628,2025-06-10,2025,1565,1571,1580,1575,1548
8931225489462738759,2629,2025-06-10,2025,1566,1572,1581,1576,1549
8940419123018425034,2630,2025-06-10,2025,1567,1573,1582,1577,1550
9309157196672864089,2631,2025-06-10,2025,1567,1573,1582,1577,1550
9510364124701526920,2632,2025-06-10,2025,1568,1574,1583,1578,1551
9666188613757199443,2633,2025-06-10,2025,1568,1574,1583,1578,1551
10016049904952240083,2634,2025-06-10,2025,1569,1575,1584,1579,1552
10196731364070747748,2635,2025-06-10,2025,1570,1576,1585,1580,1553
10391779072831456700,2636,2025-06-10,2025,1571,1577,1585,1580,1553
10527156507704992798,2637,2025-06-10,2025,1572,1578,1586,1581,1554
10702370738409613535,2638,2025-06-10,2025,1573,1579,1587,1582,1555
11051150938720423852,2639,2025-06-10,2025,1574,1580,1588,1583,1556
11270020808456810581,2640,2025-06-10,2025,1575,1581,1589,1584,1556
12593970041095418224,2641,2025-06-10,2025,1576,1582,1590,1585,1557
12849604883069671506,2642,2025-06-10,2025,1576,1582,1590,1585,1557
12938794153201137999,2643,2025-06-10,2025,1577,1583,1591,1586,1558
13601829898349900544,2644,2025-06-10,2025,1577,1583,1591,1586,1558
14379909412470851753,2645,2025-06-10,2025,1577,1583,1591,1586,1558
14406485452583369801,2646,2025-06-10,2025,1578,1584,1592,1587,1559
14534698204141380296,2647,2025-06-10,2025,1579,1585,1593,1588,1560
14836788035902139519,2648,2025-06-10,2025,1579,1585,1593,1588,1560
14989188327654392619,2649,2025-06-10,2025,1580,1586,1594,1589,1561
15343644721406714378,2650,2025-06-10,2025,1580,1586,1594,1589,1561
15519393312868110541,2651,2025-06-10,2025,1581,1587,1595,1590,1562
15593546956128694443,2652,2025-06-10,2025,1582,1588,1596,1591,1563
15852106946916302272,2653,2025-06-10,2025,1582,1588,1596,1591,1563
15945972075580080659,2654,2025-06-10,2025,1583,1589,1597,1592,1564
16389306033113954064,2655,2025-06-10,2025,1583,1589,1597,1592,1564
16408647710601411175,2656,2025-06-10,2025,1584,1590,1598,1593,1565
16649050049795786163,2657,2025-06-10,2025,1585,1591,1599,1594,1566
16707894104661743465,2658,2025-06-10,2025,1585,1591,1599,1594,1566
16724476341596287530,2659,2025-06-10,2025,1585,1591,1599,1594,1566
17230091831631067755,2660,2025-06-10,2025,1586,1591,1599,1594,1567
17481462968355577980,2661,2025-06-10,2025,1587,1592,1600,1595,1568
18008201894966030526,2662,2025-06-10,2025,1588,1593,1601,1596,1569
18175787309519347792,2663,2025-06-10,2025,1589,1594,1602,1597,1570
10861491859835655840,2664,2025-06-14,2025,1590,1595,1603,1598,1571
1342614070264520925,2665,2025-06-15,2025,1591,1596,1604,1599,1572
4390046868791381538,2666,2025-06-15,2025,1592,1597,1605,1600,1573
7554354705734067779,2667,2025-06-15,2025,1593,1598,1606,1601,1574
10630851841701636226,2668,2025-06-16,2025,1593,1598,1606,1601,1574
12081454794637545530,2669,2025-06-16,2025,1594,1599,1607,1602,1575
6187535068290314201,2670,2025-06-17,2025,1595,1600,1608,1603,1576
13201285443044725671,2671,2025-06-17,2025,1595,1600,1608,1603,1576
1797311972611642738,2672,2025-06-18,2025,1596,1601,1609,1604,1577
11509225994428249543,2673,2025-06-18,2025,1597,1602,1610,1605,1578
8525680675673338421,2674,2025-06-19,2025,1597,1602,1610,1605,1578
15882264472716135347,2675,2025-06-19,2025,1598,1603,1611,1606,1579
3672093477864312852,2676,2025-06-20,2025,1599,1604,1612,1607,1580
13221643877538537950,2677,2025-06-20,2025,1600,1605,1613,1608,1581
17151345611939903894,2678,2025-06-21,2025,1601,1606,1614,1609,1582
17572357407844176994,2679,2025-06-21,2025,1601,1606,1614,1609,1582
2221600106314446960,2680,2025-06-22,2025,1602,1607,1615,1610,1583
11032276906640357286,2681,2025-06-22,2025,1602,1607,1615,1610,1583
15274483845083921352,2682,2025-06-22,2025,1602,1607,1615,1610,1583
18289039440261644012,2683,2025-06-22,2025,1602,1607,1615,1610,1583
215531064012791165,2684,2025-06-24,2025,1603,1608,1616,1611,1584
1479695620162556378,2685,2025-06-24,2025,1604,1609,1617,1612,1585
8226897897444004541,2686,2025-06-24,2025,1605,1610,1618,1613,1586
9725741626816684552,2687,2025-06-24,2025,1606,1611,1619,1614,1586
13885098953774933197,2688,2025-06-28,2025,1607,1612,1620,1615,1587
18416944518447395412,2689,2025-06-28,2025,1607,1612,1620,1615,1587
2557619643829155034,2690,2025-06-29,2025,1607,1612,1620,1615,1587
16929660872364515497,2691,2025-06-29,2025,1607,1612,1620,1615,1587
10273834769659806555,2692,2025-07-01,2025,1608,1613,1621,1616,1588
1894889524982064097,2693,2025-07-02,2025,1609,1614,1622,1617,1589
14322443635837784852,2694,2025-07-02,2025,1610,1615,1623,1618,1590
14788763989219385153,2695,2025-07-02,2025,1611,1616,1624,1619,1591
6417395717377293042,2696,2025-07-03,2025,1612,1617,1625,1620,1592
8257512100757568227,2697,2025-07-04,2025,1613,1618,1626,1621,1593
3619093918701769693,2698,2025-07-06,2025,1613,1618,1626,1621,1593
524659538610185288,2699,2025-07-13,2025,1614,1619,1627,1622,1594
1182174686090743147,2700,2025-07-13,2025,1614,1619,1627,1622,1594
6905258638172357694,2701,2025-07-13,2025,1615,1620,1628,1623,1595
3682703694974247417,2702,2025-07-14,2025,1616,1621,1629,1624,1596
7056615995749424132,2703,2025-07-14,2025,1617,1622,1630,1625,1597
7411115609776408053,2704,2025-07-14,2025,1618,1623,1631,1626,1598
17099412762280910211,2705,2025-07-14,2025,1619,1624,1632,1627,1599
85524670941995709,2706,2025-07-15,2025,1620,1625,1633,1628,1600
12434512815020914631,2707,2025-07-15,2025,1620,1625,1633,1628,1600
14836171515090126515,2708,2025-07-15,2025,1620,1625,1633,1628,1600
4335220865426446615,2709,2025-07-17,2025,1620,1625,1633,1628,1600
9566952799013329924,2710,2025-07-17,2025,1620,1625,1633,1628,1600
12493783869955255540,2711,2025-07-17,2025,1621,1626,1634,1629,1601
13394593682641302262,2712,2025-07-17,2025,1621,1627,1635,1630,1602
13625636063085159191,2713,2025-07-18,2025,1622,1627,1635,1630,1603
13154204982408925177,2714,2025-08-13,2025,1622,1627,1635,1630,1603
14066890071943393333,2715,2025-08-14,2025,1622,1627,1635,1630,1603
14835789039636137685,2716,2025-08-16,2025,1623,1627,1636,1631,1604
2974482128322646795,2717,2025-08-24,2025,1623,1627,1636,1631,1604
5734941265251770254,2718,2025-09-03,2025,1623,1627,1636,1631,1604
13655031938568439211,2719,2025-09-03,2025,1624,1628,1637,1632,1605
196613987174320898,2720,2025-09-04,2025,1625,1629,1638,1633,1606
223547806158876051,2721,2025-09-04,2025,1626,1630,1639,1634,1607
261528917159505344,2722,2025-09-04,2025,1626,1630,1639,1634,1607
283916359076881907,2723,2025-09-04,2025,1627,1631,1640,1635,1608
1207998034764731346,2724,2025-09-04,2025,1628,1632,1641,1636,1609
1359416277671557383,2725,2025-09-04,2025,1629,1633,1642,1637,1610
1665326490512677932,2726,2025-09-04,2025,1630,1634,1643,1638,1611
2061783089555655198,2727,2025-09-04,2025,1630,1634,1643,1638,1611
2866635732873191854,2728,2025-09-04,2025,1631,1635,1644,1639,1612
3159616656122695724,2729,2025-09-04,2025,1631,1635,1644,1639,1612
3557530332522842999,2730,2025-09-04,2025,1632,1636,1645,1640,1613
5534501903044944066,2731,2025-09-04,2025,1633,1637,1646,1641,1614
5576226771227631078,2732,2025-09-04,2025,1634,1638,1647,1642,1615
5843817111309012323,2733,2025-09-04,2025,1635,1639,1648,1643,1616
6724569459116937252,2734,2025-09-04,2025,1635,1639,1648,1643,1616
7556111018468568550,2735,2025-09-04,2025,1635,1639,1648,1643,1616
7998755383017061807,2736,2025-09-04,2025,1636,1640,1649,1644,1617
8064441223295584173,2737,2025-09-04,2025,1637,1641,1650,1645,1618
8482840148228658271,2738,2025-09-04,2025,1638,1642,1651,1646,1619
9804248597833343428,2739,2025-09-04,2025,1638,1642,1651,1646,1619
9812278342424796404,2740,2025-09-04,2025,1638,1642,1651,1646,1620
10874562514551583115,2741,2025-09-04,2025,1638,1642,1651,1646,1620
12894471397194835085,2742,2025-09-04,2025,1639,1643,1652,1647,1621
13386161425603586276,2743,2025-09-04,2025,1640,1644,1653,1648,1622
13870701244014634424,2744,2025-09-04,2025,1641,1645,1654,1649,1623
14145054732173162148,2745,2025-09-04,2025,1642,1646,1655,1650,1624
15058905120698831475,2746,2025-09-04,2025,1642,1646,1655,1650,1624
15860403780596133699,2747,2025-09-04,2025,1643,1647,1656,1651,1625
16586098867196629383,2748,2025-09-04,2025,1643,1647,1656,1651,1625
16658329370860214089,2749,2025-09-04,2025,1644,1648,1656,1652,1625
16877239518315354355,2750,2025-09-04,2025,1644,1648,1656,1652,1625
17255908176282791071,2751,2025-09-04,2025,1645,1649,1657,1653,1626
18425300625410937118,2752,2025-09-04,2025,1646,1650,1658,1654,1627
268986327730622419,2753,2025-09-05,2025,1647,1651,1659,1655,1628
1102221581814350290,2754,2025-09-05,2025,1647,1651,1659,1655,1628
2992802214746671729,2755,2025-09-05,2025,1647,1651,1659,1655,1628
3688878509678008749,2756,2025-09-05,2025,1648,1652,1660,1656,1629
4637124229921875424,2757,2025-09-05,2025,1649,1653,1661,1657,1630
5599018905359342508,2758,2025-09-05,2025,1650,1654,1662,1658,1631
5685842595476201021,2759,2025-09-05,2025,1651,1655,1663,1659,1632
6489069582584330118,2760,2025-09-05,2025,1652,1656,1664,1660,1633
6654851084621106952,2761,2025-09-05,2025,1653,1657,1665,1661,1634
6750030206280677229,2762,2025-09-05,2025,1654,1658,1666,1662,1635
6761469993667939967,2763,2025-09-05,2025,1655,1659,1667,1663,1636
6822488135295636924,2764,2025-09-05,2025,1656,1660,1668,1664,1637
7579487231068083795,2765,2025-09-05,2025,1657,1661,1669,1665,1638
7864792937836742937,2766,2025-09-05,2025,1658,1662,1670,1666,1639
8167865283243891191,2767,2025-09-05,2025,1659,1663,1671,1667,1640
8344018748091316529,2768,2025-09-05,2025,1660,1664,1672,1668,1641
9558602162581357377,2769,2025-09-05,2025,1660,1664,1672,1668,1641
9690664634889625681,2770,2025-09-05,2025,1661,1664,1673,1669,1641
10732893224870180009,2771,2025-09-05,2025,1661,1664,1673,1669,1641
12484559325646218673,2772,2025-09-05,2025,1662,1665,1674,1670,1642
13552773903257070125,2773,2025-09-05,2025,1663,1666,1675,1671,1643
13683548430855097183,2774,2025-09-05,2025,1664,1667,1676,1672,1644
14485188014625943142,2775,2025-09-05,2025,1665,1668,1677,1673,1645
14503514945233900797,2776,2025-09-05,2025,1665,1668,1677,1673,1645
16522452866965893378,2777,2025-09-05,2025,1665,1668,1677,1673,1645
16634939471333669639,2778,2025-09-05,2025,1665,1668,1677,1673,1645
16685671803065748384,2779,2025-09-05,2025,1665,1668,1677,1673,1645
18019777739670187108,2780,2025-09-05,2025,1666,1669,1678,1674,1646
18101819871202525868,2781,2025-09-05,2025,1667,1670,1679,1675,1647
18363828623076346831,2782,2025-09-05,2025,1668,1671,1680,1676,1648
18420868560375255864,2783,2025-09-05,2025,1669,1672,1681,1677,1649
3900786617479585913,2784,2025-09-06,2025,1669,1672,1681,1677,1649
6716953406299878456,2785,2025-09-06,2025,1670,1673,1682,1678,1650
7383211253707568799,2786,2025-09-06,2025,1671,1674,1683,1679,1651
8346447792977936673,2787,2025-09-06,2025,1671,1674,1683,1679,1651
8578742507231928644,2788,2025-09-06,2025,1672,1675,1684,1680,1652
11350151909246616070,2789,2025-09-06,2025,1673,1676,1685,1681,1653
12279639022990767861,2790,2025-09-06,2025,1674,1677,1686,1682,1654
12988162492174007764,2791,2025-09-06,2025,1674,1677,1686,1682,1654
13042732095637214997,2792,2025-09-06,2025,1675,1678,1687,1683,1655
15130559337448883026,2793,2025-09-06,2025,1675,1678,1687,1683,1655
17752925781342058694,2794,2025-09-06,2025,1675,1678,1687,1683,1655
2349901576986598065,2795,2025-09-07,2025,1676,1679,1688,1684,1656
4527651989616227270,2796,2025-09-07,2025,1677,1680,1689,1685,1657
6372532784429101991,2797,2025-09-07,2025,1678,1681,1690,1686,1658
7247010576581656487,2798,2025-09-07,2025,1678,1681,1690,1686,1658
7540440203411281804,2799,2025-09-07,2025,1679,1682,1691,1687,1659
8590781032919481433,2800,2025-09-07,2025,1680,1683,1692,1688,1660
9631686487072944832,2801,2025-09-07,2025,1681,1684,1693,1689,1661
10162124507513129601,2802,2025-09-07,2025,1682,1685,1694,1690,1662
11197485949719887859,2803,2025-09-07,2025,1683,1686,1695,1691,1663
11710122400867464082,2804,2025-09-07,2025,1684,1687,1696,1692,1664
12683099600247000051,2805,2025-09-07,2025,1685,1688,1697,1693,1665
14326072749690139927,2806,2025-09-07,2025,1686,1689,1698,1694,1666
915017893340719699,2807,2025-09-08,2025,1687,1690,1699,1695,1667
1861667513366034258,2808,2025-09-08,2025,1687,1691,1700,1695,1668
2487941057552731976,2809,2025-09-08,2025,1688,1692,1701,1696,1669
4836130039916252352,2810,2025-09-08,2025,1689,1693,1702,1697,1670
5384989772362967255,2811,2025-09-08,2025,1690,1694,1703,1698,1671
5466820179372639846,2812,2025-09-08,2025,1691,1695,1704,1699,1672
6353416908319528060,2813,2025-09-08,2025,1691,1695,1704,1699,1672
6616516059257260995,2814,2025-09-08,2025,1691,1695,1704,1699,1672
7697743178318310346,2815,2025-09-08,2025,1691,1695,1704,1699,1672
8383401384991130270,2816,2025-09-08,2025,1692,1696,1705,1700,1673
8595767022201023577,2817,2025-09-08,2025,1693,1697,1706,1701,1674
11309806825697089343,2818,2025-09-08,2025,1694,1698,1707,1702,1675
11400253289275169293,2819,2025-09-08,2025,1694,1698,1707,1702,1675
12085681961922898702,2820,2025-09-08,2025,1694,1698,1707,1702,1675
12186445586232113154,2821,2025-09-08,2025,1695,1699,1708,1703,1676
12454042364246642224,2822,2025-09-08,2025,1695,1699,1708,1703,1676
14624967145406603820,2823,2025-09-08,2025,1695,1699,1708,1703,1676
14679823170056670217,2824,2025-09-08,2025,1696,1700,1709,1704,1677
14833881406806491157,2825,2025-09-08,2025,1696,1700,1709,1704,1677
14947070135340393292,2826,2025-09-08,2025,1697,1701,1710,1705,1678
15823786341343248665,2827,2025-09-08,2025,1698,1702,1711,1706,1679
16426772578138570084,2828,2025-09-08,2025,1698,1702,1711,1706,1679
16516397333347154656,2829,2025-09-08,2025,1699,1703,1712,1707,1680
17156377673304409902,2830,2025-09-08,2025,1700,1704,1713,1708,1681
180684108853930376,2831,2025-09-09,2025,1700,1704,1713,1708,1681
283087703010695763,2832,2025-09-09,2025,1701,1705,1714,1709,1682
320402929303038716,2833,2025-09-09,2025,1702,1705,1715,1710,1683
1183358882864515441,2834,2025-09-09,2025,1702,1705,1715,1710,1683
2035994958483867767,2835,2025-09-09,2025,1703,1706,1716,1711,1684
2290085961632689415,2836,2025-09-09,2025,1703,1706,1716,1711,1684
2325591748728870746,2837,2025-09-09,2025,1703,1707,1717,1712,1684
2336880093076228256,2838,2025-09-09,2025,1703,1707,1717,1712,1684
2466535621954768112,2839,2025-09-09,2025,1704,1708,1718,1713,1685
2710254488058526396,2840,2025-09-09,2025,1705,1709,1719,1714,1686
2751677735818282920,2841,2025-09-09,2025,1705,1709,1719,1714,1686
2841939017610809497,2842,2025-09-09,2025,1705,1709,1719,1714,1686
2893295150964878669,2843,2025-09-09,2025,1705,1709,1719,1714,1686
4205664650972680261,2844,2025-09-09,2025,1706,1710,1720,1715,1687
5225016202529931442,2845,2025-09-09,2025,1706,1710,1720,1715,1687
6206211879922275016,2846,2025-09-09,2025,1706,1710,1720,1715,1687
6255866709948709132,2847,2025-09-09,2025,1706,1710,1720,1715,1687
7418804976690541567,2848,2025-09-09,2025,1707,1711,1721,1716,1688
7424285760299024452,2849,2025-09-09,2025,1707,1711,1721,1716,1688
7672621474988862265,2850,2025-09-09,2025,1707,1711,1721,1716,1688
8482777390985454657,2851,2025-09-09,2025,1708,1712,1722,1717,1689
8934684096007954530,2852,2025-09-09,2025,1709,1713,1723,1718,1690
9081458249071776619,2853,2025-09-09,2025,1710,1714,1724,1719,1691
9882762056317221268,2854,2025-09-09,2025,1711,1715,1725,1720,1692
10105308903033841500,2855,2025-09-09,2025,1712,1716,1726,1721,1693
10269097713638686157,2856,2025-09-09,2025,1712,1716,1726,1721,1694
10339601839130082320,2857,2025-09-09,2025,1712,1716,1726,1721,1694
12202050075585650913,2858,2025-09-09,2025,1713,1717,1727,1722,1695
12267995189785603588,2859,2025-09-09,2025,1713,1717,1727,1722,1695
12631227246254989979,2860,2025-09-09,2025,1713,1717,1727,1722,1695
12823359685730457465,2861,2025-09-09,2025,1714,1718,1728,1723,1696
13338142671624171045,2862,2025-09-09,2025,1715,1719,1729,1724,1697
14425935828586303999,2863,2025-09-09,2025,1716,1720,1730,1725,1698
14563228704974141868,2864,2025-09-09,2025,1717,1721,1731,1726,1699
15068294358989897734,2865,2025-09-09,2025,1717,1721,1731,1726,1699
15190912905162597628,2866,2025-09-09,2025,1717,1721,1731,1726,1699
15406266254188283691,2867,2025-09-09,2025,1718,1722,1732,1727,1700
15979504055774923725,2868,2025-09-09,2025,1719,1723,1733,1728,1701
16279779626141969073,2869,2025-09-09,2025,1720,1724,1734,1729,1701
16627161924016754471,2870,2025-09-09,2025,1720,1724,1734,1729,1702
17206669115525929100,2871,2025-09-09,2025,1720,1724,1734,1729,1702
17299499160047763175,2872,2025-09-09,2025,1720,1724,1734,1729,1702
6367016250024316605,2873,2025-10-04,2025,1721,1725,1735,1730,1703
3311527087338473708,2874,2025-10-05,2025,1722,1726,1736,1731,1704
11858594343328014255,2875,2025-10-05,2025,1723,1727,1737,1732,1705
459759520856347266,2876,2025-10-08,2025,1723,1727,1737,1732,1705
2257114159597222777,2877,2025-10-08,2025,1724,1728,1738,1733,1706
2800443462929883464,2878,2025-10-08,2025,1724,1728,1738,1733,1706
2976972615415653888,2879,2025-10-08,2025,1725,1729,1739,1734,1707
3825434005658442122,2880,2025-10-08,2025,1726,1730,1740,1735,1708
4470366882488438462,2881,2025-10-08,2025,1727,1731,1741,1736,1709
5492256878421670692,2882,2025-10-08,2025,1728,1732,1742,1737,1710
5495197592864825810,2883,2025-10-08,2025,1729,1733,1743,1738,1711
6390127805187307470,2884,2025-10-08,2025,1729,1733,1743,1738,1711
7868148513265386454,2885,2025-10-08,2025,1730,1734,1744,1739,1712
9082196131149480092,2886,2025-10-08,2025,1731,1735,1745,1740,1713
10320853252633085749,2887,2025-10-08,2025,1732,1736,1746,1741,1714
12284984279791280258,2888,2025-10-08,2025,1733,1736,1747,1741,1715
13016167984515328262,2889,2025-10-08,2025,1733,1737,1747,1741,1716
18336788045017729173,2890,2025-10-08,2025,1733,1737,1747,1742,1716
168563384600036377,2891,2025-10-09,2025,1733,1737,1747,1742,1716
263273495473225425,2892,2025-10-09,2025,1734,1738,1748,1743,1717
2402947971301778899,2893,2025-10-09,2025,1735,1739,1749,1744,1718
2542309243053954128,2894,2025-10-09,2025,1736,1740,1750,1745,1719
2904060490643092781,2895,2025-10-09,2025,1737,1741,1751,1746,1720
3048716552626724469,2896,2025-10-09,2025,1738,1742,1752,1747,1721
3215905770184914352,2897,2025-10-09,2025,1739,1743,1753,1748,1722
3920163102423272752,2898,2025-10-09,2025,1739,1743,1753,1748,1722
4946303388711923613,2899,2025-10-09,2025,1740,1744,1754,1749,1723
6182524530975934704,2900,2025-10-09,2025,1740,1744,1754,1749,1723
6264746103227785015,2901,2025-10-09,2025,1741,1745,1755,1750,1723
6487677392947181889,2902,2025-10-09,2025,1742,1746,1756,1751,1724
6792069703309777783,2903,2025-10-09,2025,1742,1746,1756,1751,1724
7559862226252916381,2904,2025-10-09,2025,1743,1747,1757,1752,1725
7647544335835776484,2905,2025-10-09,2025,1744,1748,1758,1753,1726
7882690326356352746,2906,2025-10-09,2025,1744,1748,1758,1753,1726
8341364291177718659,2907,2025-10-09,2025,1744,1748,1758,1753,1726
9538225551449535987,2908,2025-10-09,2025,1745,1749,1759,1754,1727
9626973540962564167,2909,2025-10-09,2025,1746,1750,1760,1755,1728
9798234655975584819,2910,2025-10-09,2025,1746,1750,1760,1755,1728
9825410194361281633,2911,2025-10-09,2025,1746,1750,1760,1755,1728
10364071768253288967,2912,2025-10-09,2025,1747,1750,1761,1756,1728
11805295419157717108,2913,2025-10-09,2025,1748,1751,1762,1757,1729
12699600887386799274,2914,2025-10-09,2025,1749,1752,1763,1758,1730
12700300811234982154,2915,2025-10-09,2025,1750,1753,1764,1759,1731
12795817776375755569,2916,2025-10-09,2025,1751,1754,1765,1760,1732
12813265166945596003,2917,2025-10-09,2025,1751,1754,1765,1760,1732
14055872818464888593,2918,2025-10-09,2025,1751,1755,1765,1760,1733
15814933260958211697,2919,2025-10-09,2025,1752,1756,1766,1761,1734
16673033278818672299,2920,2025-10-09,2025,1753,1757,1767,1762,1735
16965803622525960987,2921,2025-10-09,2025,1754,1758,1768,1763,1736
17879383853208124042,2922,2025-10-09,2025,1755,1759,1769,1764,1737
18308324233561481402,2923,2025-10-09,2025,1756,1760,1770,1765,1738
441714665002382265,2924,2025-10-10,2025,1756,1760,1770,1765,1738
817503583415754248,2925,2025-10-10,2025,1756,1760,1770,1765,1739
1033179080704346346,2926,2025-10-10,2025,1756,1760,1770,1765,1739
3502465284208698909,2927,2025-10-10,2025,1756,1760,1770,1765,1739
3763686309096159845,2928,2025-10-10,2025,1756,1760,1770,1765,1739
4510276634141600002,2929,2025-10-10,2025,1757,1760,1770,1765,1740
4841176418942801572,2930,2025-10-10,2025,1758,1761,1771,1766,1741
6008157074999736825,2931,2025-10-10,2025,1759,1762,1772,1767,1742
6805671772858037173,2932,2025-10-10,2025,1759,1762,1772,1767,1743
7431802096115610241,2933,2025-10-10,2025,1760,1763,1773,1768,1744
8284343712806227065,2934,2025-10-10,2025,1760,1763,1773,1768,1744
8366660181377078845,2935,2025-10-10,2025,1760,1763,1773,1768,1744
9638275911658241599,2936,2025-10-10,2025,1761,1764,1774,1769,1745
9755136204257101886,2937,2025-10-10,2025,1761,1764,1774,1769,1745
9779627701190961283,2938,2025-10-10,2025,1762,1765,1775,1770,1746
10770699157235515340,2939,2025-10-10,2025,1763,1766,1776,1771,1747
12927202672745429431,2940,2025-10-10,2025,1764,1767,1777,1772,1747
13078746753331662262,2941,2025-10-10,2025,1765,1768,1778,1773,1748
13567034298588086312,2942,2025-10-10,2025,1765,1768,1778,1773,1749
14114090125197108720,2943,2025-10-10,2025,1766,1769,1779,1774,1750
14549332413092436933,2944,2025-10-10,2025,1767,1770,1780,1775,1751
14736707880422349106,2945,2025-10-10,2025,1767,1770,1780,1775,1751
14909167056630214584,2946,2025-10-10,2025,1768,1771,1781,1776,1752
15502971822019633990,2947,2025-10-10,2025,1769,1772,1782,1777,1753
15874340546668382796,2948,2025-10-10,2025,1770,1773,1783,1778,1753
15931663982715343557,2949,2025-10-10,2025,1771,1774,1784,1779,1753
16181924640930148958,2950,2025-10-10,2025,1772,1775,1785,1780,1754
17124438468731366780,2951,2025-10-10,2025,1773,1776,1786,1781,1755
17247100272079218818,2952,2025-10-10,2025,1774,1777,1787,1782,1756
17448873448452638530,2953,2025-10-10,2025,1775,1778,1788,1783,1757
17766779222131929091,2954,2025-10-10,2025,1776,1779,1789,1784,1758
1170224278614854275,2955,2025-10-11,2025,1777,1780,1790,1785,1759
2334288884034925114,2956,2025-10-11,2025,1778,1781,1791,1786,1760
2346340428441096979,2957,2025-10-11,2025,1779,1782,1792,1787,1761
2932469752456306813,2958,2025-10-11,2025,1780,1783,1793,1788,1762
4881222837312564645,2959,2025-10-11,2025,1781,1784,1794,1789,1763
7443694576096601287,2960,2025-10-11,2025,1782,1785,1795,1790,1764
8238237743812019970,2961,2025-10-11,2025,1783,1786,1796,1791,1765
8252264985465160628,2962,2025-10-11,2025,1783,1786,1796,1791,1765
8980096425239538874,2963,2025-10-11,2025,1784,1787,1797,1792,1766
8988134041146581441,2964,2025-10-11,2025,1785,1788,1798,1793,1767
17641586473268777479,2965,2025-10-11,2025,1786,1789,1799,1794,1768
17915047759693156167,2966,2025-10-11,2025,1786,1789,1799,1794,1768
2635557098707883388,2967,2025-10-12,2025,1787,1790,1800,1795,1769
3097977993539345089,2968,2025-10-12,2025,1788,1791,1801,1796,1770
5759917791639232191,2969,2025-10-12,2025,1789,1792,1802,1797,1771
7487088276905478312,2970,2025-10-12,2025,1790,1793,1803,1798,1772
7758563578737229848,2971,2025-10-12,2025,1791,1794,1804,1799,1773
8624326284515165105,2972,2025-10-12,2025,1792,1795,1805,1800,1774
9785709633550400572,2973,2025-10-12,2025,1793,1796,1806,1801,1775
10005752993473092702,2974,2025-10-12,2025,1794,1797,1807,1802,1776
11067462680497969615,2975,2025-10-12,2025,1794,1797,1807,1802,1776
13363266681090511159,2976,2025-10-12,2025,1795,1798,1808,1803,1777
13684590977675370613,2977,2025-10-12,2025,1796,1799,1809,1804,1778
13687100002195026005,2978,2025-10-12,2025,1796,1799,1809,1804,1778
13765694377511665151,2979,2025-10-12,2025,1797,1800,1810,1805,1779
14336684039836563148,2980,2025-10-12,2025,1797,1800,1810,1805,1779
15525314374346670328,2981,2025-10-12,2025,1798,1801,1811,1806,1780
15903205937020155164,2982,2025-10-12,2025,1798,1801,1811,1806,1780
355193618031997270,2983,2025-10-13,2025,1798,1801,1811,1806,1780
782697677806210939,2984,2025-10-13,2025,1799,1802,1812,1807,1781
999472632751800969,2985,2025-10-13,2025,1799,1802,1812,1807,1781
2530457560798999062,2986,2025-10-13,2025,1800,1803,1813,1808,1782
2732483805149433638,2987,2025-10-13,2025,1800,1803,1813,1808,1782
4594722704189541698,2988,2025-10-13,2025,1801,1804,1814,1809,1783
6088450456106291434,2989,2025-10-13,2025,1801,1804,1814,1809,1783
6145427332261677607,2990,2025-10-13,2025,1801,1804,1814,1809,1783
7317995062180724543,2991,2025-10-13,2025,1801,1804,1814,1809,1783
7939686459812063812,2992,2025-10-13,2025,1802,1805,1815,1810,1784
9710815202123455881,2993,2025-10-13,2025,1802,1805,1815,1810,1784
11505733063732509292,2994,2025-10-13,2025,1803,1806,1816,1811,1785
13079136395189691401,2995,2025-10-13,2025,1803,1806,1816,1811,1785
14047145875007037742,2996,2025-10-13,2025,1804,1807,1817,1812,1786
14674985800668308628,2997,2025-10-13,2025,1805,1808,1818,1813,1787
15142412123495586863,2998,2025-10-13,2025,1805,1808,1818,1813,1787
15233147074043471702,2999,2025-10-13,2025,1806,1809,1819,1814,1788
15614001448471476331,3000,2025-10-13,2025,1806,1809,1819,1814,1788
17976580378097048318,3001,2025-10-13,2025,1807,1810,1820,1815,1789
18252138714101021217,3002,2025-10-13,2025,1808,1811,1821,1816,1790
104731938644019501,3003,2025-10-14,2025,1809,1812,1822,1817,1791
226726851311703101,3004,2025-10-14,2025,1810,1813,1823,1818,1792
456090675505257459,3005,2025-10-14,2025,1810,1813,1823,1818,1792
703843859095207782,3006,2025-10-14,2025,1811,1814,1824,1819,1793
1138687986988117661,3007,2025-10-14,2025,1812,1815,1825,1820,1794
1571209655925102766,3008,2025-10-14,2025,1813,1816,1826,1821,1795
1951018431764534800,3009,2025-10-14,2025,1813,1816,1826,1821,1795
2126346079614035736,3010,2025-10-14,2025,1814,1817,1827,1822,1796
2367377512574681844,3011,2025-10-14,2025,1815,1818,1828,1823,1797
2502887319155685952,3012,2025-10-14,2025,1816,1819,1829,1824,1798
2623661608975162131,3013,2025-10-14,2025,1817,1820,1830,1825,1798
3111548849890938274,3014,2025-10-14,2025,1818,1821,1831,1826,1799
3443914845187625749,3015,2025-10-14,2025,1819,1821,1832,1827,1800
4751719322209976815,3016,2025-10-14,2025,1819,1821,1832,1827,1800
4874970189187339537,3017,2025-10-14,2025,1820,1822,1833,1828,1801
5204053833117974707,3018,2025-10-14,2025,1821,1823,1834,1829,1802
6652674658733458253,3019,2025-10-14,2025,1822,1824,1835,1830,1803
7076413232187615076,3020,2025-10-14,2025,1823,1825,1836,1831,1804
7451585401044689985,3021,2025-10-14,2025,1824,1826,1837,1832,1805
7508143063426174811,3022,2025-10-14,2025,1824,1826,1837,1832,1805
7742312109445333665,3023,2025-10-14,2025,1825,1827,1838,1833,1806
8154916727737997414,3024,2025-10-14,2025,1826,1828,1839,1834,1807
8177712210713198479,3025,2025-10-14,2025,1826,1828,1839,1834,1807
8223961812841540313,3026,2025-10-14,2025,1827,1829,1840,1835,1808
8660698143649582436,3027,2025-10-14,2025,1828,1830,1841,1836,1809
8898323658344330070,3028,2025-10-14,2025,1829,1831,1842,1837,1810
9104270150756726430,3029,2025-10-14,2025,1829,1831,1842,1837,1810
9182104981066758532,3030,2025-10-14,2025,1830,1832,1843,1838,1811
9369846083058573878,3031,2025-10-14,2025,1830,1832,1843,1838,1811
9967554977320752139,3032,2025-10-14,2025,1830,1832,1843,1838,1811
10530430254094543891,3033,2025-10-14,2025,1830,1832,1843,1838,1811
11456891186955052354,3034,2025-10-14,2025,1831,1833,1844,1838,1812
12631085650106330767,3035,2025-10-14,2025,1832,1834,1845,1839,1813
13262869685097076135,3036,2025-10-14,2025,1832,1834,1845,1839,1813
13478121501654236251,3037,2025-10-14,2025,1833,1835,1846,1840,1814
13791679827750503788,3038,2025-10-14,2025,1833,1835,1846,1840,1814
13876033308320002292,3039,2025-10-14,2025,1834,1836,1847,1841,1814
13878829720380269920,3040,2025-10-14,2025,1834,1836,1847,1841,1814
13970561293451752425,3041,2025-10-14,2025,1834,1836,1847,1841,1814
13990298619291246074,3042,2025-10-14,2025,1835,1837,1848,1842,1815
14399910201557814713,3043,2025-10-14,2025,1836,1838,1849,1843,1816
14541450014219433123,3044,2025-10-14,2025,1837,1839,1850,1844,1817
14702694367268080246,3045,2025-10-14,2025,1838,1840,1851,1845,1818
15442352060046768997,3046,2025-10-14,2025,1839,1841,1852,1846,1819
15585366805895444582,3047,2025-10-14,2025,1840,1842,1853,1847,1820
16663778025268988287,3048,2025-10-14,2025,1840,1842,1853,1847,1820
17462051406600528635,3049,2025-10-14,2025,1841,1843,1854,1848,1821
1267275151491446593,3050,2025-11-12,2025,1841,1843,1854,1848,1821
2044163153946447774,3051,2025-11-12,2025,1841,1843,1854,1848,1821
4426121534265143511,3052,2025-11-12,2025,1842,1844,1855,1849,1822
4928863618649041823,3053,2025-11-12,2025,1843,1845,1856,1850,1823
6110222785394667304,3054,2025-11-12,2025,1844,1846,1857,1851,1824
8416045749820222845,3055,2025-11-12,2025,1844,1846,1857,1851,1824
11481735035070959310,3056,2025-11-12,2025,1844,1846,1857,1851,1824
11546233235538949651,3057,2025-11-12,2025,1844,1846,1857,1851,1824
17322217296122050739,3058,2025-11-12,2025,1844,1846,1857,1851,1824
18000908125885259493,3059,2025-11-12,2025,1845,1847,1858,1852,1824
593992114263708721,3060,2025-11-13,2025,1846,1848,1859,1853,1825
2472335370123616059,3061,2025-11-13,2025,1847,1848,1860,1854,1826
2876180628490660117,3062,2025-11-13,2025,1848,1849,1861,1855,1827
3208456123506789756,3063,2025-11-13,2025,1849,1850,1862,1856,1828
3308680626846612353,3064,2025-11-13,2025,1850,1851,1863,1857,1829
3600227407324156013,3065,2025-11-13,2025,1851,1852,1864,1858,1830
4426805645151693493,3066,2025-11-13,2025,1851,1852,1864,1858,1830
4498697462123669041,3067,2025-11-13,2025,1852,1853,1865,1859,1831
4503873041540883860,3068,2025-11-13,2025,1853,1854,1866,1860,1832
4638777613719010358,3069,2025-11-13,2025,1853,1854,1866,1860,1832
5199975624354139738,3070,2025-11-13,2025,1854,1855,1867,1861,1833
5699868331874871143,3071,2025-11-13,2025,1854,1855,1867,1861,1833
6026976620972811928,3072,2025-11-13,2025,1854,1855,1867,1861,1833
6122572797904627927,3073,2025-11-13,2025,1855,1856,1868,1862,1834
7753645456169216249,3074,2025-11-13,2025,1855,1856,1868,1862,1834
8199681522777624933,3075,2025-11-13,2025,1855,1856,1868,1862,1834
9093658668331107450,3076,2025-11-13,2025,1855,1856,1868,1862,1834
9315683810136874422,3077,2025-11-13,2025,1856,1857,1869,1863,1835
11119799460444372375,3078,2025-11-13,2025,1856,1857,1869,1863,1835
12385352699417170566,3079,2025-11-13,2025,1856,1857,1869,1864,1835
12894887661028712675,3080,2025-11-13,2025,1856,1857,1869,1864,1835
12955637595271949605,3081,2025-11-13,2025,1856,1857,1869,1864,1835
13789238604494547171,3082,2025-11-13,2025,1857,1858,1870,1865,1836
15224408119851809102,3083,2025-11-13,2025,1858,1859,1871,1866,1837
15815218571917893894,3084,2025-11-13,2025,1859,1860,1872,1867,1838
16478168425071976600,3085,2025-11-13,2025,1859,1860,1872,1867,1839
18150032238128784028,3086,2025-11-13,2025,1860,1861,1873,1868,1840
1002685119370273436,3087,2025-11-14,2025,1861,1862,1874,1869,1841
4974404403421154722,3088,2025-11-14,2025,1862,1863,1875,1870,1842
6220990775731345091,3089,2025-11-14,2025,1862,1863,1875,1870,1842
6283945630254696977,3090,2025-11-14,2025,1863,1864,1876,1871,1843
6324957688652891817,3091,2025-11-14,2025,1864,1865,1877,1872,1844
6700189470805506064,3092,2025-11-14,2025,1865,1866,1878,1873,1845
7612121373828088419,3093,2025-11-14,2025,1866,1867,1879,1874,1846
8070426998814493092,3094,2025-11-14,2025,1867,1868,1880,1875,1847
9345956292592005866,3095,2025-11-14,2025,1868,1869,1881,1876,1848
10258666502532857046,3096,2025-11-14,2025,1869,1870,1882,1877,1849
10407111198643828857,3097,2025-11-14,2025,1870,1871,1883,1878,1850
10663596866399106318,3098,2025-11-14,2025,1871,1872,1884,1879,1851
12450496404368137797,3099,2025-11-14,2025,1871,1872,1884,1879,1852
12939137280130359450,3100,2025-11-14,2025,1872,1873,1885,1880,1853
14703360566087839179,3101,2025-11-14,2025,1873,1874,1886,1881,1854
15638706719886498797,3102,2025-11-14,2025,1874,1875,1887,1882,1855
17929311933325840463,3103,2025-11-14,2025,1875,1876,1888,1883,1856
18225490773044759108,3104,2025-11-14,2025,1875,1876,1888,1883,1856
576787443270986367,3105,2025-11-15,2025,1875,1876,1888,1883,1856
1046007955397321228,3106,2025-11-15,2025,1876,1877,1889,1884,1856
1059274100785493378,3107,2025-11-15,2025,1877,1878,1890,1885,1857
1619594042068924889,3108,2025-11-15,2025,1878,1879,1891,1886,1858
2188617429379080340,3109,2025-11-15,2025,1879,1880,1892,1887,1859
2408680321205088368,3110,2025-11-15,2025,1879,1880,1892,1887,1859
3228562128274052281,3111,2025-11-15,2025,1880,1881,1893,1888,1860
3566625066053619368,3112,2025-11-15,2025,1881,1882,1894,1889,1861
5057782467242583202,3113,2025-11-15,2025,1882,1883,1895,1890,1862
5814371953836259798,3114,2025-11-15,2025,1883,1884,1896,1891,1863
6279089697865228766,3115,2025-11-15,2025,1884,1885,1897,1892,1864
6746276024833366472,3116,2025-11-15,2025,1885,1886,1898,1893,1865
7016243357723504034,3117,2025-11-15,2025,1885,1886,1898,1893,1865
7267564638579604279,3118,2025-11-15,2025,1886,1886,1899,1894,1866
7472735528589114499,3119,2025-11-15,2025,1887,1887,1900,1895,1867
7664676783580035358,3120,2025-11-15,2025,1887,1887,1900,1895,1867
8464341964955681872,3121,2025-11-15,2025,1887,1887,1900,1895,1867
9293686128059594285,3122,2025-11-15,2025,1887,1887,1900,1895,1867
10332418908000865553,3123,2025-11-15,2025,1888,1888,1901,1896,1868
10504630182851920312,3124,2025-11-15,2025,1888,1888,1901,1896,1868
13020270513476442686,3125,2025-11-15,2025,1889,1889,1902,1897,1869
13115784685404018902,3126,2025-11-15,2025,1889,1889,1902,1897,1869
13656403077880995944,3127,2025-11-15,2025,1889,1889,1903,1898,1869
14170793733623884415,3128,2025-11-15,2025,1889,1889,1903,1898,1869
14275340398362410245,3129,2025-11-15,2025,1890,1890,1904,1899,1870
15083524287356725092,3130,2025-11-15,2025,1890,1890,1904,1899,1870
15171624757439963060,3131,2025-11-15,2025,1890,1890,1904,1899,1870
16014379391426094689,3132,2025-11-15,2025,1891,1891,1905,1900,1871
17321295362460953139,3133,2025-11-15,2025,1892,1892,1906,1901,1872
947363904433382714,3134,2025-11-16,2025,1893,1893,1907,1902,1873
1247506462952547248,3135,2025-11-16,2025,1893,1893,1907,1902,1873
7019353045424130427,3136,2025-11-16,2025,1894,1894,1908,1903,1874
7845133666514348291,3137,2025-11-16,2025,1895,1895,1909,1904,1875
8039543983778135500,3138,2025-11-16,2025,1895,1895,1909,1904,1875
13473419112702958964,3139,2025-11-16,2025,1895,1895,1909,1904,1875
14781894333188092153,3140,2025-11-16,2025,1896,1896,1910,1905,1876
17734480401938011750,3141,2025-11-16,2025,1897,1897,1911,1906,1877
18374668081469214926,3142,2025-11-16,2025,1898,1898,1912,1907,1878
669632574169078947,3143,2025-11-17,2025,1899,1899,1913,1908,1879
753333681985514465,3144,2025-11-17,2025,1899,1899,1913,1908,1879
4875820755574277667,3145,2025-11-17,2025,1899,1899,1913,1908,1879
6634816682986380108,3146,2025-11-17,2025,1899,1899,1913,1908,1879
6869874261608719285,3147,2025-11-17,2025,1900,1899,1914,1909,1880
7474351502500353938,3148,2025-11-17,2025,1900,1899,1915,1909,1880
7487986000377320898,3149,2025-11-17,2025,1901,1900,1916,1910,1881
7494766843010778833,3150,2025-11-17,2025,1902,1901,1917,1911,1882
9631574226044478076,3151,2025-11-17,2025,1903,1902,1918,1912,1883
9811204139693569440,3152,2025-11-17,2025,1904,1903,1919,1913,1884
14358682514720343232,3153,2025-11-17,2025,1904,1903,1919,1913,1884
14638475954323325588,3154,2025-11-17,2025,1905,1904,1920,1914,1885
15402539414015821366,3155,2025-11-17,2025,1906,1905,1921,1915,1886
17521815797811596311,3156,2025-11-17,2025,1907,1906,1922,1916,1887
275439734540646863,3157,2025-11-18,2025,1907,1906,1922,1916,1887
352850300634835578,3158,2025-11-18,2025,1908,1907,1923,1917,1888
711702052727624553,3159,2025-11-18,2025,1909,1908,1924,1918,1889
1057389863338694106,3160,2025-11-18,2025,1910,1909,1925,1919,1890
1150463801875869287,3161,2025-11-18,2025,1910,1909,1925,1919,1890
1347633418955699442,3162,2025-11-18,2025,1911,1910,1926,1920,1891
1541054366046151979,3163,2025-11-18,2025,1911,1910,1926,1920,1891
1566102215925381120,3164,2025-11-18,2025,1912,1911,1927,1921,1892
1938464613527066905,3165,2025-11-18,2025,1913,1912,1928,1922,1893
2636242295229625328,3166,2025-11-18,2025,1913,1912,1928,1922,1894
2686821822296491400,3167,2025-11-18,2025,1914,1913,1929,1923,1895
3199331037443553006,3168,2025-11-18,2025,1915,1914,1930,1924,1896
3221175088294545196,3169,2025-11-18,2025,1916,1915,1931,1925,1897
3227863265709707904,3170,2025-11-18,2025,1916,1915,1931,1925,1897
3697137644619279297,3171,2025-11-18,2025,1917,1916,1932,1926,1898
4265114769061426534,3172,2025-11-18,2025,1917,1916,1932,1926,1898
4727323437206754411,3173,2025-11-18,2025,1917,1916,1932,1926,1898
5022453531200041280,3174,2025-11-18,2025,1917,1916,1932,1926,1898
5321706859244988605,3175,2025-11-18,2025,1917,1916,1932,1926,1898
5333945589214749739,3176,2025-11-18,2025,1918,1917,1933,1927,1899
5577461244948620588,3177,2025-11-18,2025,1919,1918,1934,1928,1900
5839529218977518652,3178,2025-11-18,2025,1919,1918,1934,1928,1900
6289251065147195766,3179,2025-11-18,2025,1919,1918,1934,1928,1900
6782644941868654804,3180,2025-11-18,2025,1920,1919,1935,1929,1901
7085643202643313970,3181,2025-11-18,2025,1920,1919,1935,1929,1901
7306301179045307641,3182,2025-11-18,2025,1920,1920,1936,1930,1901
7808281311887880549,3183,2025-11-18,2025,1920,1920,1936,1930,1901
8042536254809717506,3184,2025-11-18,2025,1921,1921,1937,1931,1902
8442880576551714688,3185,2025-11-18,2025,1922,1922,1938,1932,1903
8535915832360036039,3186,2025-11-18,2025,1923,1923,1939,1933,1903
8625859011369201968,3187,2025-11-18,2025,1924,1924,1939,1933,1903
9146473297279383168,3188,2025-11-18,2025,1924,1924,1939,1933,1903
9672392784023480564,3189,2025-11-18,2025,1924,1924,1939,1933,1903
9702068772603780447,3190,2025-11-18,2025,1925,1925,1940,1934,1904
9859461650831364402,3191,2025-11-18,2025,1926,1926,1941,1935,1905
10621482016410186001,3192,2025-11-18,2025,1926,1926,1941,1935,1905
11672321049320749189,3193,2025-11-18,2025,1927,1927,1942,1936,1906
12361194528425446156,3194,2025-11-18,2025,1928,1928,1943,1937,1906
13161953279522858401,3195,2025-11-18,2025,1929,1929,1944,1938,1907
13178354400411270742,3196,2025-11-18,2025,1929,1929,1944,1938,1907
13524956848575144583,3197,2025-11-18,2025,1930,1930,1945,1939,1908
14717008942215054678,3198,2025-11-18,2025,1930,1930,1945,1939,1908
15918297056555726091,3199,2025-11-18,2025,1930,1930,1945,1939,1908
16153824396529618288,3200,2025-11-18,2025,1930,1930,1945,1939,1908
16310402073101828487,3201,2025-11-18,2025,1930,1930,1945,1939,1908
16327008056651592473,3202,2025-11-18,2025,1931,1931,1946,1940,1909
16779311968151164573,3203,2025-11-18,2025,1932,1932,1947,1941,1910
17156478512843657894,3204,2025-11-18,2025,1932,1932,1947,1941,1910
17228600602883105869,3205,2025-11-18,2025,1933,1933,1948,1942,1911
17375578383435015160,3206,2025-11-18,2025,1934,1934,1949,1943,1912
17923503980678521085,3207,2025-11-18,2025,1935,1935,1950,1944,1913
18083579231544058849,3208,2025-11-18,2025,1936,1936,1951,1945,1914
11960184292486215366,3209,2025-11-19,2025,1937,1937,1952,1946,1915
442292820446386798,3210,2025-11-20,2025,1938,1938,1953,1947,1916
5600905008254287884,3211,2025-11-20,2025,1938,1938,1953,1947,1916
10762057981331305432,3212,2025-11-23,2025,1938,1938,1953,1947,1916
3345225476680269600,3213,2025-11-25,2025,1939,1939,1954,1948,1917
17401260895811045752,3214,2025-11-25,2025,1939,1939,1954,1948,1918
17802171199822874496,3215,2025-11-25,2025,1939,1939,1954,1948,1918
6798354984822192574,3216,2025-11-26,2025,1939,1940,1955,1949,1918
7302083885165625426,3217,2025-11-26,2025,1940,1941,1956,1950,1919
8051839810796171810,3218,2025-11-26,2025,1940,1941,1956,1950,1919
13772111626010154671,3219,2025-11-26,2025,1940,1941,1956,1950,1919
1983269014600577534,3220,2025-12-01,2025,1940,1941,1956,1950,1919
13800269173504600651,3221,2025-12-01,2025,1940,1941,1956,1950,1919
2921831493631423804,3222,2025-12-02,2025,1941,1942,1957,1951,1920
4956181272684405497,3223,2025-12-02,2025,1941,1942,1957,1951,1920
7222427691624829420,3224,2025-12-02,2025,1942,1943,1958,1952,1921
4574253301043458777,3225,2025-12-03,2025,1942,1943,1958,1952,1921
10402651023878398308,3226,2025-12-03,2025,1943,1944,1959,1953,1922
16966339282081827367,3227,2025-12-03,2025,1944,1945,1960,1954,1923
15680052808487923184,3228,2025-12-04,2025,1944,1945,1960,1954,1924
16753097140839264682,3229,2025-12-04,2025,1944,1945,1960,1954,1925
13409826010294790697,3230,2025-12-05,2025,1944,1945,1960,1954,1925
15569576824969186287,3231,2025-12-05,2025,1945,1946,1961,1955,1926
560659291720861683,3232,2025-12-06,2025,1946,1947,1962,1956,1927
1789410319294259260,3233,2025-12-06,2025,1947,1948,1963,1957,1928
4542052510883862213,3234,2025-12-06,2025,1948,1949,1964,1958,1929
16852724813197809978,3235,2025-12-06,2025,1948,1949,1964,1958,1929
16921583217419437125,3236,2025-12-07,2025,1948,1949,1964,1958,1929
17635402371901579550,3237,2025-12-07,2025,1948,1949,1964,1958,1929
1815263380647362769,3238,2025-12-08,2025,1949,1950,1965,1959,1930
8485658134246363982,3239,2025-12-08,2025,1950,1951,1966,1960,1931
3319688943419600111,3240,2025-12-09,2025,1951,1952,1967,1961,1932
3545490225102180659,3241,2025-12-09,2025,1951,1953,1967,1961,1932
4589952850172620218,3242,2025-12-09,2025,1952,1954,1968,1962,1933
11677614868222866792,3243,2025-12-09,2025,1953,1955,1969,1963,1934
5048822930389831339,3244,2025-12-11,2025,1954,1956,1970,1964,1935
8558393319032255405,3245,2025-12-11,2025,1955,1957,1971,1965,1936
16989423219362089288,3246,2025-12-12,2025,1956,1958,1972,1966,1937
17629879650955184982,3247,2025-12-12,2025,1956,1958,1972,1966,1937
142158120092616754,3248,2025-12-15,2025,1957,1959,1973,1967,1938
2251745542450249804,3249,2025-12-15,2025,1958,1960,1974,1968,1939
9046166932879326430,3250,2025-12-18,2025,1959,1961,1975,1969,1940
17035190358211501703,3251,2025-12-21,2025,1960,1962,1976,1970,1941
1369441874774743804,3252,2025-12-22,2025,1960,1962,1976,1970,1941
8897912772977436776,3253,2025-12-22,2025,1961,1963,1977,1971,1942
12042456310362610662,3254,2025-12-22,2025,1962,1964,1978,1972,1943
862174129077487203,3255,2025-12-23,2025,1963,1965,1979,1973,1944
13022464386960943314,3256,2025-12-23,2025,1964,1966,1980,1974,1945
13542783285117661664,3257,2025-12-23,2025,1965,1967,1981,1975,1946
16918394442096690210,3258,2025-12-23,2025,1966,1968,1982,1976,1947
8735564021722793434,3259,2025-12-24,2025,1967,1969,1983,1977,1948
11715811646321257847,3260,2025-12-24,2025,1968,1970,1984,1978,1949
11966072131019989502,3261,2025-12-24,2025,1969,1971,1985,1979,1950
14454186625580623510,3262,2025-12-24,2025,1970,1972,1986,1980,1951
3818049047714615070,3263,2025-12-26,2025,1970,1972,1987,1981,1952
7719475359623406882,3264,2025-12-26,2025,1970,1972,1987,1981,1952
16972182299686403047,3265,2025-12-26,2025,1970,1972,1987,1981,1952
17672014988428924389,3266,2025-12-26,2025,1970,1972,1987,1981,1952
3015026862596703510,3267,2025-12-27,2025,1970,1972,1987,1981,1952
3872734174405891093,3268,2025-12-27,2025,1970,1972,1988,1981,1952
4613262923570180876,3269,2025-12-27,2025,1970,1972,1988,1981,1952
18350345709125751999,3270,2025-12-27,2025,1971,1973,1989,1982,1953
813838626092754245,3271,2025-12-28,2025,1972,1974,1990,1983,1954
1317222528227081662,3272,2025-12-28,2025,1972,1974,1990,1983,1954
7865602747241196763,3273,2025-12-28,2025,1972,1974,1990,1983,1954
14794297406701974124,3274,2025-12-28,2025,1972,1974,1990,1983,1954
7248151225847888198,3275,2025-12-29,2025,1973,1975,1991,1984,1955
11816157551336196337,3276,2025-12-29,2025,1973,1975,1991,1984,1955
15865357559814489843,3277,2025-12-29,2025,1974,1976,1992,1985,1956
17574494954845280460,3278,2025-12-29,2025,1974,1976,1992,1985,1956
4153508861223125393,3279,2025-12-30,2025,1974,1976,1992,1985,1956
9856678404424688241,3280,2025-12-30,2025,1975,1977,1993,1986,1957
13416063573010070088,3281,2025-12-30,2025,1976,1978,1994,1987,1958
16443647808550287355,3282,2025-12-30,2025,1977,1979,1995,1988,1959
12239741606473735902,3283,2025-12-31,2025,1978,1980,1996,1989,1960
13203041528909736959,3284,2025-12-31,2025,1979,1981,1997,1990,1961
13813778574868323065,3285,2025-12-31,2025,1980,1982,1998,1991,1962
16294419053819119263,3286,2025-12-31,2025,1981,1983,1999,1992,1963
17264451291649421144,3287,2026-01-03,2026,1982,1984,2000,1993,1964
18416842271210370136,3288,2026-01-03,2026,1982,1984,2000,1993,1964
7966987243034970124,3289,2026-01-04,2026,1982,1985,2000,1994,1964
14727825753184906933,3290,2026-01-04,2026,1983,1986,2001,1995,1965
8570046283443914330,3291,2026-01-05,2026,1984,1987,2002,1996,1966
12396192619095810060,3292,2026-01-05,2026,1985,1988,2003,1997,1967
14189986729645286220,3293,2026-01-06,2026,1986,1989,2004,1998,1968
15728409479906783460,3294,2026-01-06,2026,1987,1990,2005,1999,1969
5416566004474483269,3295,2026-01-09,2026,1988,1991,2006,2000,1970
13131203382430357668,3296,2026-01-09,2026,1989,1992,2007,2001,1970
6546383509198727954,3297,2026-01-10,2026,1989,1992,2007,2001,1970
11698744348624005959,3298,2026-01-10,2026,1989,1992,2007,2001,1970
2712105020071021441,3299,2026-01-14,2026,1990,1993,2008,2002,1971
15083831604557215286,3300,2026-01-14,2026,1990,1993,2008,2002,1971
12907852791297474198,3301,2026-01-17,2026,1990,1993,2008,2002,1971
2236127371338722855,3302,2026-01-18,2026,1990,1993,2008,2002,1971
4580975820858086282,3303,2026-01-18,2026,1991,1994,2009,2003,1972
7891360919931652362,3304,2026-01-18,2026,1992,1995,2010,2004,1973
3942139016715553392,3305,2026-01-22,2026,1992,1995,2010,2004,1973
10936869059492627182,3306,2026-01-25,2026,1993,1996,2011,2005,1974
15808727601301850531,3307,2026-01-26,2026,1993,1996,2011,2005,1974
1447898862998380182,3308,2026-02-25,2026,1994,1997,2012,2006,1975
14590583387278542144,3309,2026-03-15,2026,1995,1998,2013,2007,1976
5229708505926829554,3310,2026-03-25,2026,1996,1999,2014,2008,1977
11043812537346515146,3311,2026-03-25,2026,1997,2000,2015,2009,1978
12212911366106814864,3312,2026-03-25,2026,1998,2001,2016,2010,1979
13168973796498186405,3313,2026-03-25,2026,1999,2002,2017,2011,1980
13714632761066431358,3314,2026-03-25,2026,2000,2003,2018,2011,1981
166702818020192655,3315,2026-03-26,2026,2000,2003,2018,2011,1982
1887151507755330474,3316,2026-03-26,2026,2001,2004,2019,2012,1983
2547321680981344740,3317,2026-03-26,2026,2001,2004,2019,2012,1983
5202427240557461886,3318,2026-03-26,2026,2002,2005,2020,2013,1984
5767398119579696081,3319,2026-03-26,2026,2002,2005,2020,2013,1984
6036150922735558014,3320,2026-03-26,2026,2002,2005,2020,2013,1984
7001329902976169373,3321,2026-03-26,2026,2002,2005,2020,2013,1984
7682582163759105734,3322,2026-03-26,2026,2002,2005,2020,2013,1984
8128816704275539394,3323,2026-03-26,2026,2003,2006,2021,2014,1985
8382920350672391896,3324,2026-03-26,2026,2003,2006,2021,2014,1985
10201123379685782631,3325,2026-03-26,2026,2003,2006,2021,2014,1985
10768339217586443499,3326,2026-03-26,2026,2003,2006,2021,2014,1985
11467638357243578119,3327,2026-03-26,2026,2004,2007,2022,2015,1986
11581835536907735874,3328,2026-03-26,2026,2004,2007,2022,2015,1986
11662691399536006275,3329,2026-03-26,2026,2005,2008,2023,2016,1987
12438707154319438880,3330,2026-03-26,2026,2006,2009,2024,2017,1988
12928088504412811029,3331,2026-03-26,2026,2007,2010,2025,2018,1989
12959433995507428325,3332,2026-03-26,2026,2007,2011,2025,2019,1989
13483125114141331287,3333,2026-03-26,2026,2008,2012,2026,2020,1990
14690145789670480862,3334,2026-03-26,2026,2008,2012,2026,2020,1990
14931251641638581061,3335,2026-03-26,2026,2008,2012,2026,2020,1990
15155459997827787791,3336,2026-03-26,2026,2009,2013,2027,2021,1991
15376486282821321150,3337,2026-03-26,2026,2010,2014,2028,2022,1992
15752618431255141128,3338,2026-03-26,2026,2010,2014,2028,2022,1992
503028731532658142,3339,2026-03-27,2026,2010,2014,2028,2022,1992
728519140067746100,3340,2026-03-27,2026,2010,2014,2028,2022,1992
1320241287160678081,3341,2026-03-27,2026,2010,2014,2028,2022,1992
1424165514052597642,3342,2026-03-27,2026,2011,2015,2029,2023,1993
2571289123226532191,3343,2026-03-27,2026,2012,2016,2030,2024,1994
2965226755719194056,3344,2026-03-27,2026,2013,2017,2031,2025,1995
3007615420827735270,3345,2026-03-27,2026,2013,2018,2031,2025,1995
4839428396752512412,3346,2026-03-27,2026,2014,2019,2032,2026,1996
6544593573386589957,3347,2026-03-27,2026,2015,2020,2033,2027,1997
7220145060970108722,3348,2026-03-27,2026,2016,2021,2034,2028,1998
8148078515950288418,3349,2026-03-27,2026,2017,2022,2035,2029,1999
9450765627629640244,3350,2026-03-27,2026,2017,2022,2035,2029,1999
9716326494180731774,3351,2026-03-27,2026,2017,2022,2035,2029,1999
9787058417005843362,3352,2026-03-27,2026,2018,2023,2036,2030,1999
9818071134385503470,3353,2026-03-27,2026,2018,2023,2036,2030,1999
10425574424905637097,3354,2026-03-27,2026,2019,2024,2037,2031,1999
10745141540679625105,3355,2026-03-27,2026,2020,2025,2038,2032,2000
10805163662949166759,3356,2026-03-27,2026,2021,2026,2039,2033,2001
11017764833661313563,3357,2026-03-27,2026,2021,2026,2039,2033,2001
11858048704633258972,3358,2026-03-27,2026,2022,2027,2040,2034,2002
12109202797267867058,3359,2026-03-27,2026,2023,2028,2041,2035,2003
12153185352270033082,3360,2026-03-27,2026,2023,2028,2041,2035,2003
12327923618622605706,3361,2026-03-27,2026,2023,2028,2041,2035,2003
12433788319895640511,3362,2026-03-27,2026,2023,2028,2041,2035,2003
12756065724478184774,3363,2026-03-27,2026,2023,2028,2041,2035,2003
12931928575498973976,3364,2026-03-27,2026,2023,2028,2041,2035,2003
12960915576372903331,3365,2026-03-27,2026,2023,2029,2041,2035,2003
13821244787914374356,3366,2026-03-27,2026,2024,2030,2042,2036,2004
16190024014931361667,3367,2026-03-27,2026,2025,2031,2043,2037,2005
16517455027778113884,3368,2026-03-27,2026,2026,2032,2044,2038,2006
17226342952335613337,3369,2026-03-27,2026,2027,2033,2045,2039,2007
2996201928230632898,3370,2026-03-28,2026,2027,2033,2045,2039,2007
3501083136255533111,3371,2026-03-28,2026,2028,2034,2046,2040,2008
4350359544281108668,3372,2026-03-28,2026,2028,2034,2046,2040,2008
5614776658489510150,3373,2026-03-28,2026,2029,2035,2047,2041,2009
7544298039170462987,3374,2026-03-28,2026,2030,2036,2048,2042,2010
8254805918100064695,3375,2026-03-28,2026,2030,2036,2048,2042,2010
8748233548176022669,3376,2026-03-28,2026,2031,2037,2049,2043,2011
9793072747522521486,3377,2026-03-28,2026,2032,2038,2050,2044,2012
10728816903599882880,3378,2026-03-28,2026,2032,2039,2050,2044,2012
11010413847093675784,3379,2026-03-28,2026,2032,2039,2050,2044,2012
12185289221220050050,3380,2026-03-28,2026,2033,2040,2051,2045,2013
13716986234217573639,3381,2026-03-28,2026,2033,2040,2051,2045,2014
14978695909883462146,3382,2026-03-28,2026,2034,2041,2052,2046,2015
15838607905412351635,3383,2026-03-28,2026,2035,2042,2053,2047,2016
17085433048473187379,3384,2026-03-28,2026,2035,2042,2053,2047,2016
186971806094089559,3385,2026-03-29,2026,2036,2043,2054,2048,2017
1609908153045308562,3386,2026-03-29,2026,2037,2044,2055,2049,2018
3035986023240384228,3387,2026-03-29,2026,2038,2045,2056,2050,2019
6450153071029333692,3388,2026-03-29,2026,2039,2046,2057,2051,2020
8602071512413845019,3389,2026-03-29,2026,2040,2046,2057,2052,2021
10792663678859831341,3390,2026-03-29,2026,2041,2047,2058,2053,2022
11173988101805833036,3391,2026-03-29,2026,2042,2048,2059,2054,2023
11534795485030558281,3392,2026-03-29,2026,2042,2048,2059,2054,2023
14184878771467336799,3393,2026-03-29,2026,2042,2048,2059,2054,2023
15367812681107455241,3394,2026-03-29,2026,2042,2049,2060,2055,2024
16913946075509748132,3395,2026-03-29,2026,2042,2049,2060,2055,2024
2078963495169977010,3396,2026-03-30,2026,2042,2049,2060,2055,2024
2954546132727994316,3397,2026-03-30,2026,2043,2050,2061,2056,2025
3334498632467395120,3398,2026-03-30,2026,2044,2051,2062,2057,2026
3553501147491342607,3399,2026-03-30,2026,2044,2051,2062,2057,2026
5354943559016378621,3400,2026-03-30,2026,2045,2052,2063,2058,2026
6470410436487446476,3401,2026-03-30,2026,2046,2053,2064,2059,2027
6521890997187055281,3402,2026-03-30,2026,2047,2054,2065,2060,2028
7300943220878874076,3403,2026-03-30,2026,2047,2054,2065,2060,2029
8384179475557030500,3404,2026-03-30,2026,2047,2054,2065,2060,2029
8494852828295820516,3405,2026-03-30,2026,2047,2054,2065,2060,2029
9676564127980416362,3406,2026-03-30,2026,2048,2055,2066,2061,2030
15529575443264527014,3407,2026-03-30,2026,2048,2055,2066,2061,2030
18344030665347838352,3408,2026-03-30,2026,2048,2055,2066,2061,2030
418378811283546513,3409,2026-03-31,2026,2048,2055,2066,2061,2030
425542245857934710,3410,2026-03-31,2026,2048,2055,2066,2061,2030
557604551234147105,3411,2026-03-31,2026,2049,2056,2067,2062,2031
1094029456076777051,3412,2026-03-31,2026,2050,2057,2068,2063,2032
1397890125792873794,3413,2026-03-31,2026,2050,2057,2068,2063,2032
2528981441969364685,3414,2026-03-31,2026,2050,2057,2068,2063,2032
2809830199491804416,3415,2026-03-31,2026,2051,2058,2069,2064,2033
3386175231306447318,3416,2026-03-31,2026,2051,2058,2069,2064,2033
4234071829740248037,3417,2026-03-31,2026,2051,2058,2069,2064,2033
4396713865401564889,3418,2026-03-31,2026,2051,2058,2069,2064,2033
4561132507180981942,3419,2026-03-31,2026,2051,2058,2069,2064,2033
5021856676714966277,3420,2026-03-31,2026,2051,2058,2069,2064,2033
5035354863097431093,3421,2026-03-31,2026,2052,2059,2070,2065,2033
5558511114142329632,3422,2026-03-31,2026,2052,2059,2070,2065,2033
5796983247380580634,3423,2026-03-31,2026,2053,2060,2071,2066,2034
6759569201992494863,3424,2026-03-31,2026,2053,2060,2071,2066,2034
6864470774683723555,3425,2026-03-31,2026,2054,2061,2072,2067,2035
7181572807084065525,3426,2026-03-31,2026,2055,2062,2073,2068,2036
8052073071546234206,3427,2026-03-31,2026,2055,2062,2073,2068,2036
8714108356840035658,3428,2026-03-31,2026,2055,2062,2073,2068,2036
8720783908018184753,3429,2026-03-31,2026,2056,2063,2074,2069,2036
9120174294097080079,3430,2026-03-31,2026,2057,2064,2075,2070,2037
9279786185228546370,3431,2026-03-31,2026,2058,2065,2076,2071,2038
9646227843789868940,3432,2026-03-31,2026,2058,2065,2076,2071,2038
11560037949448527989,3433,2026-03-31,2026,2058,2065,2076,2071,2038
11677027606610322814,3434,2026-03-31,2026,2059,2066,2077,2072,2039
12631345259069551579,3435,2026-03-31,2026,2060,2067,2078,2073,2040
12832537525356132426,3436,2026-03-31,2026,2060,2067,2078,2073,2040
13412001332357788916,3437,2026-03-31,2026,2061,2068,2079,2074,2041
13638680732157247084,3438,2026-03-31,2026,2061,2068,2079,2074,2041
13694181751772813428,3439,2026-03-31,2026,2062,2069,2080,2075,2042
14366967464890196376,3440,2026-03-31,2026,2062,2069,2080,2075,2042
14554254761204637047,3441,2026-03-31,2026,2062,2069,2080,2075,2043
14779326372272762552,3442,2026-03-31,2026,2062,2069,2080,2075,2043
15767911439795128522,3443,2026-03-31,2026,2063,2070,2081,2076,2043
15768687451722870426,3444,2026-03-31,2026,2064,2071,2082,2077,2044
15778742069812962812,3445,2026-03-31,2026,2065,2072,2083,2078,2045
15918331407737786386,3446,2026-03-31,2026,2065,2072,2083,2078,2045
16106632940219698292,3447,2026-03-31,2026,2065,2072,2083,2078,2045
16640241497776260226,3448,2026-03-31,2026,2066,2073,2084,2079,2046
17036636570209724914,3449,2026-03-31,2026,2066,2073,2084,2079,2047
17408856021260033999,3450,2026-03-31,2026,2067,2074,2085,2080,2048
17765399809263818481,3451,2026-03-31,2026,2067,2074,2085,2080,2048
9280537698517580553,3452,2026-05-16,2026,2068,2075,2086,2081,2049
9516796264813091803,3453,2026-05-22,2026,2069,2076,2087,2082,2050
14714195044454559160,3454,2026-05-26,2026,2070,2077,2088,2083,2051
14757573333940853265,3455,2026-05-26,2026,2071,2078,2089,2084,2052
4248945233042997936,3456,2026-05-27,2026,2072,2079,2090,2085,2053
10029033832714431968,3457,2026-05-28,2026,2073,2080,2091,2086,2054
17375169048509958301,3458,2026-05-28,2026,2074,2081,2092,2087,2055
2258791315711354190,3459,2026-05-29,2026,2074,2081,2092,2087,2055
5514313923620850080,3460,2026-05-29,2026,2075,2082,2093,2088,2056
7191462097548456276,3461,2026-05-29,2026,2076,2083,2094,2089,2057
14844087542473153655,3462,2026-05-29,2026,2076,2083,2094,2089,2057
2285272857233155863,3463,2026-05-30,2026,2077,2084,2095,2090,2058
3732664858101409859,3464,2026-05-30,2026,2078,2085,2096,2091,2059
4876403131993722007,3465,2026-05-30,2026,2079,2086,2097,2092,2060
9290878869806202992,3466,2026-05-30,2026,2080,2087,2098,2093,2061
9779891334521345053,3467,2026-05-30,2026,2081,2088,2099,2094,2062
16486186899312590435,3468,2026-05-30,2026,2082,2089,2100,2095,2063
3171768737567809975,3469,2026-05-31,2026,2082,2089,2100,2095,2063
5317538312448552903,3470,2026-05-31,2026,2083,2090,2101,2096,2064
5451984276246033457,3471,2026-05-31,2026,2084,2091,2102,2097,2065
7811262605074957046,3472,2026-05-31,2026,2084,2091,2102,2097,2065
9312545849542386671,3473,2026-05-31,2026,2085,2092,2103,2098,2066
10010286738540587862,3474,2026-05-31,2026,2086,2093,2104,2099,2067
11771723720621167485,3475,2026-05-31,2026,2086,2093,2105,2100,2067
14710187526035499846,3476,2026-05-31,2026,2087,2094,2106,2101,2068
16219949346422166158,3477,2026-05-31,2026,2088,2095,2107,2102,2069
908387919351357402,3478,2026-06-01,2026,2089,2096,2108,2103,2070
2611956457888465240,3479,2026-06-01,2026,2090,2097,2109,2104,2071
3601430824105340946,3480,2026-06-01,2026,2090,2097,2109,2104,2071
6321013218122132449,3481,2026-06-01,2026,2091,2098,2110,2105,2072
7694412422411072443,3482,2026-06-01,2026,2092,2099,2111,2106,2073
8965084414316713020,3483,2026-06-01,2026,2093,2100,2112,2107,2074
13397365733566868272,3484,2026-06-01,2026,2093,2100,2112,2107,2074
15033332981496758366,3485,2026-06-01,2026,2094,2101,2113,2108,2075
16987853255588733705,3486,2026-06-01,2026,2095,2102,2114,2109,2076
5029412445337801618,3487,2026-06-02,2026,2095,2102,2114,2109,2076
8296798414312737337,3488,2026-06-02,2026,2095,2102,2114,2109,2076
12692743080678585627,3489,2026-06-02,2026,2096,2103,2115,2110,2077
12746404788289741124,3490,2026-06-02,2026,2096,2103,2115,2110,2077
17325946017269440609,3491,2026-06-02,2026,2096,2103,2115,2110,2077
4119058792818927173,3492,2026-06-03,2026,2097,2104,2116,2111,2078
4177830142982796262,3493,2026-06-03,2026,2098,2105,2117,2112,2079
5666562220652584185,3494,2026-06-03,2026,2099,2106,2118,2113,2080
8872501663212999652,3495,2026-06-03,2026,2099,2106,2118,2113,2080
11337189720537442773,3496,2026-06-03,2026,2099,2106,2118,2113,2080
11625929411373226841,3497,2026-06-03,2026,2099,2106,2118,2113,2080
13269852008751687344,3498,2026-06-03,2026,2099,2106,2118,2113,2080
16766249709546505785,3499,2026-06-03,2026,2100,2107,2119,2114,2081
17684284215651951607,3500,2026-06-03,2026,2101,2108,2120,2115,2082
2163108504562526839,3501,2026-06-04,2026,2101,2108,2120,2115,2082
6693621473718103194,3502,2026-06-04,2026,2102,2109,2121,2116,2083
6801631853241111564,3503,2026-06-04,2026,2103,2110,2122,2117,2084
8383907383522821929,3504,2026-06-04,2026,2103,2110,2122,2117,2084
8940166833685505393,3505,2026-06-04,2026,2103,2110,2122,2117,2084
9250046633538557452,3506,2026-06-04,2026,2104,2111,2123,2118,2085
10253136790279125283,3507,2026-06-04,2026,2105,2112,2124,2119,2086
11335492000182715260,3508,2026-06-04,2026,2105,2112,2124,2119,2086
11619953602151415222,3509,2026-06-04,2026,2106,2113,2125,2120,2087
14403471870577099813,3510,2026-06-04,2026,2106,2113,2125,2120,2087
15313921247714952479,3511,2026-06-04,2026,2107,2114,2126,2121,2088
1118353039058775744,3512,2026-06-05,2026,2107,2114,2126,2121,2088
5161434426294126436,3513,2026-06-05,2026,2108,2115,2127,2122,2089
7201614702287843156,3514,2026-06-05,2026,2109,2116,2128,2123,2090
7478160294305626096,3515,2026-06-05,2026,2110,2117,2129,2124,2091
9890128587160360381,3516,2026-06-05,2026,2110,2117,2129,2124,2092
10550678660164310442,3517,2026-06-05,2026,2111,2118,2130,2125,2093
10796280613776874588,3518,2026-06-05,2026,2112,2119,2131,2126,2094
10925444914588292310,3519,2026-06-05,2026,2112,2119,2131,2126,2094
11993255754369356355,3520,2026-06-05,2026,2112,2119,2131,2126,2094
12118222798871271242,3521,2026-06-05,2026,2112,2119,2131,2126,2094
13117721768153394080,3522,2026-06-05,2026,2113,2120,2132,2127,2095
13373042177309946947,3523,2026-06-05,2026,2114,2121,2133,2128,2096
13920889727085725340,3524,2026-06-05,2026,2115,2122,2134,2129,2097
15111570730229982057,3525,2026-06-05,2026,2116,2123,2135,2130,2098
15568269314340414144,3526,2026-06-05,2026,2116,2123,2135,2130,2099
16313415214803971012,3527,2026-06-05,2026,2117,2124,2136,2131,2100
16481013169346514879,3528,2026-06-05,2026,2118,2125,2137,2132,2101
16734415673414993097,3529,2026-06-05,2026,2119,2126,2138,2133,2102
16872294881003689977,3530,2026-06-05,2026,2119,2126,2138,2133,2102
18350884035759828064,3531,2026-06-05,2026,2119,2126,2138,2133,2102
52669242924192756,3532,2026-06-06,2026,2119,2126,2138,2133,2102
738587140793603026,3533,2026-06-06,2026,2120,2127,2139,2134,2103
2627076440208006024,3534,2026-06-06,2026,2120,2127,2139,2134,2104
3060728602361931008,3535,2026-06-06,2026,2120,2127,2139,2134,2104
3067348660091538689,3536,2026-06-06,2026,2121,2128,2140,2135,2105
3171999444053661906,3537,2026-06-06,2026,2122,2129,2141,2136,2106
4310395885020604019,3538,2026-06-06,2026,2123,2130,2142,2137,2107
4819748903799666144,3539,2026-06-06,2026,2123,2130,2142,2137,2107
5246897627207609591,3540,2026-06-06,2026,2124,2131,2143,2138,2107
5649611817175656247,3541,2026-06-06,2026,2124,2131,2143,2138,2107
5725522569080275152,3542,2026-06-06,2026,2124,2132,2143,2138,2107
6130142146348116440,3543,2026-06-06,2026,2124,2132,2143,2138,2107
6728399793177969137,3544,2026-06-06,2026,2125,2133,2144,2139,2108
8250250932265421653,3545,2026-06-06,2026,2126,2134,2145,2140,2109
9923467474116704062,3546,2026-06-06,2026,2127,2135,2146,2141,2110
10127742605546506285,3547,2026-06-06,2026,2128,2136,2147,2142,2111
12312244154007185175,3548,2026-06-06,2026,2128,2136,2147,2142,2111
13741679891895446326,3549,2026-06-06,2026,2129,2137,2148,2143,2112
14383921010761619220,3550,2026-06-06,2026,2129,2137,2148,2143,2112
15432686439580466859,3551,2026-06-06,2026,2130,2138,2149,2144,2113
16335497673034961067,3552,2026-06-06,2026,2131,2139,2150,2145,2114
16770127947122021456,3553,2026-06-06,2026,2132,2140,2151,2146,2115
16903881371212193243,3554,2026-06-06,2026,2132,2140,2151,2146,2115
17185440295596734869,3555,2026-06-06,2026,2133,2141,2152,2147,2116
17227575855615882542,3556,2026-06-06,2026,2134,2142,2153,2148,2117
18342850041319357956,3557,2026-06-06,2026,2135,2143,2154,2149,2118
946501265986552511,3558,2026-06-07,2026,2135,2143,2154,2149,2118
1874157169489307750,3559,2026-06-07,2026,2136,2144,2155,2150,2119
5745025627868567685,3560,2026-06-07,2026,2137,2145,2156,2151,2120
6503005580700159183,3561,2026-06-07,2026,2138,2146,2157,2152,2121
7871791713129471422,3562,2026-06-07,2026,2138,2146,2157,2152,2121
10124369887802281180,3563,2026-06-07,2026,2139,2147,2158,2153,2122
11343055088007922987,3564,2026-06-07,2026,2140,2148,2158,2153,2123
16455049238315388495,3565,2026-06-07,2026,2141,2149,2159,2154,2124
16713800881498425075,3566,2026-06-07,2026,2142,2150,2160,2155,2125
7898171394665588202,3567,2026-06-08,2026,2143,2151,2161,2156,2126
16185511638430220908,3568,2026-06-08,2026,2144,2152,2162,2157,2127
17104150022564109057,3569,2026-06-08,2026,2145,2153,2162,2157,2127
17420622636713151453,3570,2026-06-08,2026,2146,2154,2163,2158,2128
62113291730074148,3571,2026-06-09,2026,2146,2154,2163,2158,2128
784203913871722366,3572,2026-06-09,2026,2146,2154,2163,2158,2128
1928640749918019255,3573,2026-06-09,2026,2146,2154,2163,2158,2128
3674355797860712028,3574,2026-06-09,2026,2147,2155,2164,2159,2129
4343081415576080306,3575,2026-06-09,2026,2148,2156,2165,2160,2130
4828979681469870105,3576,2026-06-09,2026,2149,2157,2166,2161,2131
5082047311760675105,3577,2026-06-09,2026,2149,2157,2166,2161,2131
5963946028008612612,3578,2026-06-09,2026,2149,2157,2166,2161,2131
7523713816524232122,3579,2026-06-09,2026,2150,2158,2167,2162,2132
7769655707774218664,3580,2026-06-09,2026,2151,2159,2168,2163,2133
8460766626926716998,3581,2026-06-09,2026,2151,2159,2168,2163,2133
8513586604793209267,3582,2026-06-09,2026,2151,2159,2168,2163,2133
9220253486415603925,3583,2026-06-09,2026,2152,2160,2169,2164,2134
9390805076582119555,3584,2026-06-09,2026,2153,2161,2170,2165,2135
10676860822129173374,3585,2026-06-09,2026,2154,2162,2171,2166,2136
10988263131323231511,3586,2026-06-09,2026,2154,2163,2171,2167,2136
11471353116297873375,3587,2026-06-09,2026,2155,2164,2172,2168,2137
11636954458516085527,3588,2026-06-09,2026,2155,2164,2172,2168,2138
13597667808171016631,3589,2026-06-09,2026,2156,2165,2173,2169,2139
14114557872591759047,3590,2026-06-09,2026,2157,2166,2174,2170,2140
15487333168615554123,3591,2026-06-09,2026,2157,2167,2174,2170,2140
18137013910714662022,3592,2026-06-09,2026,2157,2167,2174,2170,2140
609175267574721795,3593,2026-06-10,2026,2158,2168,2175,2171,2141
5437811572909516492,3594,2026-06-10,2026,2159,2169,2176,2172,2142
9858148249314634171,3595,2026-06-10,2026,2159,2169,2176,2172,2142
16562626565162876983,3596,2026-06-10,2026,2160,2170,2177,2173,2143
